:END_ID(Category),:START_ID(Movie),:TYPE
"1","1","LISTED_IN"
"10","2","LISTED_IN"
"3","2","LISTED_IN"
"3","3","LISTED_IN"
"7","4","LISTED_IN"
"13","5","LISTED_IN"
"6","6","LISTED_IN"
"11","7","LISTED_IN"
"10","8","LISTED_IN"
"11","8","LISTED_IN"
"9","9","LISTED_IN"
"12","10","LISTED_IN"
"13","10","LISTED_IN"
"4","11","LISTED_IN"
"1","12","LISTED_IN"
"6","12","LISTED_IN"
"9","13","LISTED_IN"
"6","14","LISTED_IN"
"11","14","LISTED_IN"
"3","15","LISTED_IN"
"2","16","LISTED_IN"
"11","16","LISTED_IN"
"1","17","LISTED_IN"
"6","18","LISTED_IN"
"5","18","LISTED_IN"
"8","19","LISTED_IN"
"7","20","LISTED_IN"
"1","20","LISTED_IN"
"4","21","LISTED_IN"
"4","22","LISTED_IN"
"8","22","LISTED_IN"
"7","23","LISTED_IN"
"10","24","LISTED_IN"
"7","24","LISTED_IN"
"6","25","LISTED_IN"
"11","26","LISTED_IN"
"1","26","LISTED_IN"
"6","27","LISTED_IN"
"2","28","LISTED_IN"
"1","28","LISTED_IN"
"5","29","LISTED_IN"
"11","30","LISTED_IN"
"3","30","LISTED_IN"
"8","31","LISTED_IN"
"6","32","LISTED_IN"
"9","32","LISTED_IN"
"6","33","LISTED_IN"
"6","34","LISTED_IN"
"10","35","LISTED_IN"
"7","36","LISTED_IN"
"4","36","LISTED_IN"
"13","37","LISTED_IN"
"2","38","LISTED_IN"
"5","38","LISTED_IN"
"5","39","LISTED_IN"
"13","40","LISTED_IN"
"5","40","LISTED_IN"
"2","41","LISTED_IN"
"5","42","LISTED_IN"
"8","42","LISTED_IN"
"10","43","LISTED_IN"
"6","44","LISTED_IN"
"1","44","LISTED_IN"
"2","45","LISTED_IN"
"5","46","LISTED_IN"
"3","46","LISTED_IN"
"1","47","LISTED_IN"
"5","48","LISTED_IN"
"12","48","LISTED_IN"
"10","49","LISTED_IN"
"9","50","LISTED_IN"
"10","50","LISTED_IN"
"3","51","LISTED_IN"
"8","52","LISTED_IN"
"9","52","LISTED_IN"
"7","53","LISTED_IN"
"6","54","LISTED_IN"
"10","54","LISTED_IN"
"9","55","LISTED_IN"
"6","56","LISTED_IN"
"7","56","LISTED_IN"
"12","57","LISTED_IN"
"2","58","LISTED_IN"
"8","58","LISTED_IN"
"6","59","LISTED_IN"
"1","60","LISTED_IN"
"13","60","LISTED_IN"
"3","61","LISTED_IN"
"1","62","LISTED_IN"
"7","62","LISTED_IN"
"12","63","LISTED_IN"
"12","64","LISTED_IN"
"4","64","LISTED_IN"
"12","65","LISTED_IN"
"1","66","LISTED_IN"
"6","66","LISTED_IN"
"6","67","LISTED_IN"
"7","68","LISTED_IN"
"4","68","LISTED_IN"
"3","69","LISTED_IN"
"7","70","LISTED_IN"
"11","70","LISTED_IN"
"6","71","LISTED_IN"
"13","72","LISTED_IN"
"11","72","LISTED_IN"
"9","73","LISTED_IN"
"1","74","LISTED_IN"
"9","74","LISTED_IN"
"2","75","LISTED_IN"
"1","76","LISTED_IN"
"12","76","LISTED_IN"
"2","77","LISTED_IN"
"1","78","LISTED_IN"
"6","78","LISTED_IN"
"3","79","LISTED_IN"
"5","80","LISTED_IN"
"10","80","LISTED_IN"
"10","81","LISTED_IN"
"6","82","LISTED_IN"
"10","82","LISTED_IN"
"8","83","LISTED_IN"
"2","84","LISTED_IN"
"7","84","LISTED_IN"
"4","85","LISTED_IN"
"9","86","LISTED_IN"
"5","86","LISTED_IN"
"7","87","LISTED_IN"
"12","88","LISTED_IN"
"8","88","LISTED_IN"
"9","89","LISTED_IN"
"12","90","LISTED_IN"
"2","90","LISTED_IN"
"2","91","LISTED_IN"
"13","92","LISTED_IN"
"1","92","LISTED_IN"
"6","93","LISTED_IN"
"9","94","LISTED_IN"
"5","94","LISTED_IN"
"2","95","LISTED_IN"
"12","96","LISTED_IN"
"3","96","LISTED_IN"
"6","97","LISTED_IN"
"3","98","LISTED_IN"
"2","98","LISTED_IN"
"11","99","LISTED_IN"
"12","100","LISTED_IN"
"11","100","LISTED_IN"
"10","101","LISTED_IN"
"8","102","LISTED_IN"
"4","102","LISTED_IN"
"5","103","LISTED_IN"
"2","104","LISTED_IN"
"12","104","LISTED_IN"
"7","105","LISTED_IN"
"10","106","LISTED_IN"
"4","106","LISTED_IN"
"6","107","LISTED_IN"
"7","108","LISTED_IN"
"10","108","LISTED_IN"
"11","109","LISTED_IN"
"13","110","LISTED_IN"
"2","110","LISTED_IN"
"13","111","LISTED_IN"
"6","112","LISTED_IN"
"10","112","LISTED_IN"
"1","113","LISTED_IN"
"8","114","LISTED_IN"
"9","114","LISTED_IN"
"2","115","LISTED_IN"
"3","116","LISTED_IN"
"1","116","LISTED_IN"
"3","117","LISTED_IN"
"1","118","LISTED_IN"
"6","118","LISTED_IN"
"7","119","LISTED_IN"
"6","120","LISTED_IN"
"2","120","LISTED_IN"
"9","121","LISTED_IN"
"1","122","LISTED_IN"
"10","122","LISTED_IN"
"5","123","LISTED_IN"
"10","124","LISTED_IN"
"7","124","LISTED_IN"
"5","125","LISTED_IN"
"3","126","LISTED_IN"
"9","126","LISTED_IN"
"5","127","LISTED_IN"
"9","128","LISTED_IN"
"4","128","LISTED_IN"
"6","129","LISTED_IN"
"1","130","LISTED_IN"
"6","130","LISTED_IN"
"10","131","LISTED_IN"
"9","132","LISTED_IN"
"1","132","LISTED_IN"
"8","133","LISTED_IN"
"6","134","LISTED_IN"
"13","134","LISTED_IN"
"9","135","LISTED_IN"
"12","136","LISTED_IN"
"8","136","LISTED_IN"
"12","137","LISTED_IN"
"11","138","LISTED_IN"
"7","138","LISTED_IN"
"7","139","LISTED_IN"
"5","140","LISTED_IN"
"6","140","LISTED_IN"
"2","141","LISTED_IN"
"7","142","LISTED_IN"
"7","143","LISTED_IN"
"10","144","LISTED_IN"
"13","144","LISTED_IN"
"13","145","LISTED_IN"
"4","146","LISTED_IN"
"3","146","LISTED_IN"
"8","147","LISTED_IN"
"4","148","LISTED_IN"
"5","148","LISTED_IN"
"7","149","LISTED_IN"
"7","150","LISTED_IN"
"1","150","LISTED_IN"
"7","151","LISTED_IN"
"9","152","LISTED_IN"
"2","152","LISTED_IN"
"7","153","LISTED_IN"
"12","154","LISTED_IN"
"1","154","LISTED_IN"
"9","155","LISTED_IN"
"3","156","LISTED_IN"
"6","156","LISTED_IN"
"3","157","LISTED_IN"
"6","158","LISTED_IN"
"12","158","LISTED_IN"
"1","159","LISTED_IN"
"12","160","LISTED_IN"
"13","160","LISTED_IN"
"11","161","LISTED_IN"
"13","162","LISTED_IN"
"8","162","LISTED_IN"
"1","163","LISTED_IN"
"3","164","LISTED_IN"
"11","164","LISTED_IN"
"4","165","LISTED_IN"
"8","166","LISTED_IN"
"3","166","LISTED_IN"
"4","167","LISTED_IN"
"5","168","LISTED_IN"
"2","168","LISTED_IN"
"5","169","LISTED_IN"
"10","170","LISTED_IN"
"5","170","LISTED_IN"
"2","171","LISTED_IN"
"9","172","LISTED_IN"
"1","172","LISTED_IN"
"8","173","LISTED_IN"
"11","174","LISTED_IN"
"4","175","LISTED_IN"
"7","176","LISTED_IN"
"11","177","LISTED_IN"
"1","178","LISTED_IN"
"3","178","LISTED_IN"
"3","179","LISTED_IN"
"11","180","LISTED_IN"
"13","180","LISTED_IN"
"3","181","LISTED_IN"
"7","182","LISTED_IN"
"5","182","LISTED_IN"
"7","183","LISTED_IN"
"11","184","LISTED_IN"
"5","184","LISTED_IN"
"9","185","LISTED_IN"
"10","186","LISTED_IN"
"2","186","LISTED_IN"
"6","187","LISTED_IN"
"10","188","LISTED_IN"
"6","188","LISTED_IN"
"12","189","LISTED_IN"
"8","190","LISTED_IN"
"12","190","LISTED_IN"
"6","191","LISTED_IN"
"2","192","LISTED_IN"
"5","192","LISTED_IN"
"9","193","LISTED_IN"
"5","194","LISTED_IN"
"12","194","LISTED_IN"
"9","195","LISTED_IN"
"2","196","LISTED_IN"
"3","196","LISTED_IN"
"10","197","LISTED_IN"
"8","198","LISTED_IN"
"4","198","LISTED_IN"
"5","199","LISTED_IN"
"13","200","LISTED_IN"
"4","200","LISTED_IN"
"4","201","LISTED_IN"
"8","202","LISTED_IN"
"1","202","LISTED_IN"
"5","203","LISTED_IN"
"3","204","LISTED_IN"
"8","204","LISTED_IN"
"7","205","LISTED_IN"
"8","206","LISTED_IN"
"2","207","LISTED_IN"
"10","208","LISTED_IN"
"3","208","LISTED_IN"
"4","209","LISTED_IN"
"4","210","LISTED_IN"
"8","210","LISTED_IN"
"9","211","LISTED_IN"
"12","212","LISTED_IN"
"9","212","LISTED_IN"
"8","213","LISTED_IN"
"3","214","LISTED_IN"
"9","214","LISTED_IN"
"8","215","LISTED_IN"
"10","216","LISTED_IN"
"3","216","LISTED_IN"
"1","217","LISTED_IN"
"4","218","LISTED_IN"
"7","218","LISTED_IN"
"11","219","LISTED_IN"
"8","220","LISTED_IN"
"2","220","LISTED_IN"
"5","221","LISTED_IN"
"1","222","LISTED_IN"
"8","223","LISTED_IN"
"3","224","LISTED_IN"
"9","224","LISTED_IN"
"9","225","LISTED_IN"
"3","226","LISTED_IN"
"1","227","LISTED_IN"
"10","228","LISTED_IN"
"11","228","LISTED_IN"
"4","229","LISTED_IN"
"12","230","LISTED_IN"
"1","230","LISTED_IN"
"6","231","LISTED_IN"
"13","232","LISTED_IN"
"1","232","LISTED_IN"
"5","233","LISTED_IN"
"4","234","LISTED_IN"
"5","234","LISTED_IN"
"2","235","LISTED_IN"
"5","236","LISTED_IN"
"13","236","LISTED_IN"
"13","237","LISTED_IN"
"10","238","LISTED_IN"
"4","238","LISTED_IN"
"11","239","LISTED_IN"
"7","240","LISTED_IN"
"6","240","LISTED_IN"
"6","241","LISTED_IN"
"4","242","LISTED_IN"
"6","242","LISTED_IN"
"7","243","LISTED_IN"
"2","244","LISTED_IN"
"7","244","LISTED_IN"
"9","245","LISTED_IN"
"9","246","LISTED_IN"
"4","247","LISTED_IN"
"8","248","LISTED_IN"
"12","248","LISTED_IN"
"2","249","LISTED_IN"
"13","250","LISTED_IN"
"8","250","LISTED_IN"
"5","251","LISTED_IN"
"7","252","LISTED_IN"
"1","252","LISTED_IN"
"4","253","LISTED_IN"
"2","254","LISTED_IN"
"9","255","LISTED_IN"
"3","256","LISTED_IN"
"11","256","LISTED_IN"
"12","257","LISTED_IN"
"11","258","LISTED_IN"
"6","258","LISTED_IN"
"4","259","LISTED_IN"
"11","260","LISTED_IN"
"4","260","LISTED_IN"
"1","261","LISTED_IN"
"13","262","LISTED_IN"
"9","262","LISTED_IN"
"5","263","LISTED_IN"
"11","264","LISTED_IN"
"3","264","LISTED_IN"
"6","265","LISTED_IN"
"4","266","LISTED_IN"
"6","266","LISTED_IN"
"4","267","LISTED_IN"
"2","268","LISTED_IN"
"3","268","LISTED_IN"
"1","269","LISTED_IN"
"4","270","LISTED_IN"
"2","270","LISTED_IN"
"6","271","LISTED_IN"
"4","272","LISTED_IN"
"10","272","LISTED_IN"
"9","273","LISTED_IN"
"1","274","LISTED_IN"
"11","274","LISTED_IN"
"1","275","LISTED_IN"
"11","276","LISTED_IN"
"4","276","LISTED_IN"
"8","277","LISTED_IN"
"12","278","LISTED_IN"
"3","278","LISTED_IN"
"10","279","LISTED_IN"
"3","280","LISTED_IN"
"10","280","LISTED_IN"
"11","281","LISTED_IN"
"7","282","LISTED_IN"
"1","282","LISTED_IN"
"10","283","LISTED_IN"
"11","284","LISTED_IN"
"2","284","LISTED_IN"
"3","285","LISTED_IN"
"4","286","LISTED_IN"
"6","286","LISTED_IN"
"5","287","LISTED_IN"
"10","288","LISTED_IN"
"2","288","LISTED_IN"
"6","289","LISTED_IN"
"2","290","LISTED_IN"
"11","290","LISTED_IN"
"9","291","LISTED_IN"
"12","292","LISTED_IN"
"7","292","LISTED_IN"
"6","293","LISTED_IN"
"4","294","LISTED_IN"
"3","294","LISTED_IN"
"12","295","LISTED_IN"
"9","296","LISTED_IN"
"2","296","LISTED_IN"
"11","297","LISTED_IN"
"8","298","LISTED_IN"
"13","298","LISTED_IN"
"12","299","LISTED_IN"
"2","300","LISTED_IN"
"13","300","LISTED_IN"
"10","301","LISTED_IN"
"11","302","LISTED_IN"
"13","302","LISTED_IN"
"9","303","LISTED_IN"
"3","304","LISTED_IN"
"5","304","LISTED_IN"
"8","305","LISTED_IN"
"4","306","LISTED_IN"
"11","306","LISTED_IN"
"4","307","LISTED_IN"
"2","308","LISTED_IN"
"7","308","LISTED_IN"
"7","309","LISTED_IN"
"8","310","LISTED_IN"
"5","310","LISTED_IN"
"10","311","LISTED_IN"
"6","312","LISTED_IN"
"12","312","LISTED_IN"
"9","313","LISTED_IN"
"12","314","LISTED_IN"
"1","314","LISTED_IN"
"1","315","LISTED_IN"
"8","316","LISTED_IN"
"4","316","LISTED_IN"
"3","317","LISTED_IN"
"3","318","LISTED_IN"
"12","318","LISTED_IN"
"3","319","LISTED_IN"
"4","320","LISTED_IN"
"7","320","LISTED_IN"
"6","321","LISTED_IN"
"9","322","LISTED_IN"
"11","322","LISTED_IN"
"12","323","LISTED_IN"
"3","324","LISTED_IN"
"5","324","LISTED_IN"
"12","325","LISTED_IN"
"4","326","LISTED_IN"
"10","326","LISTED_IN"
"8","327","LISTED_IN"
"4","328","LISTED_IN"
"12","328","LISTED_IN"
"2","329","LISTED_IN"
"3","330","LISTED_IN"
"2","330","LISTED_IN"
"11","331","LISTED_IN"
"6","332","LISTED_IN"
"12","332","LISTED_IN"
"10","333","LISTED_IN"
"10","334","LISTED_IN"
"12","334","LISTED_IN"
"5","335","LISTED_IN"
"5","336","LISTED_IN"
"8","336","LISTED_IN"
"10","337","LISTED_IN"
"7","338","LISTED_IN"
"4","338","LISTED_IN"
"4","339","LISTED_IN"
"3","340","LISTED_IN"
"12","340","LISTED_IN"
"13","341","LISTED_IN"
"9","342","LISTED_IN"
"2","342","LISTED_IN"
"13","343","LISTED_IN"
"5","344","LISTED_IN"
"8","344","LISTED_IN"
"12","345","LISTED_IN"
"8","346","LISTED_IN"
"6","347","LISTED_IN"
"2","348","LISTED_IN"
"13","348","LISTED_IN"
"6","349","LISTED_IN"
"4","350","LISTED_IN"
"13","350","LISTED_IN"
"4","351","LISTED_IN"
"4","352","LISTED_IN"
"1","352","LISTED_IN"
"8","353","LISTED_IN"
"13","354","LISTED_IN"
"7","354","LISTED_IN"
"4","355","LISTED_IN"
"2","356","LISTED_IN"
"4","356","LISTED_IN"
"9","357","LISTED_IN"
"6","358","LISTED_IN"
"11","358","LISTED_IN"
"6","359","LISTED_IN"
"13","360","LISTED_IN"
"4","360","LISTED_IN"
"13","361","LISTED_IN"
"6","362","LISTED_IN"
"13","362","LISTED_IN"
"12","363","LISTED_IN"
"5","364","LISTED_IN"
"12","364","LISTED_IN"
"7","365","LISTED_IN"
"10","366","LISTED_IN"
"13","366","LISTED_IN"
"7","367","LISTED_IN"
"6","368","LISTED_IN"
"11","368","LISTED_IN"
"11","369","LISTED_IN"
"8","370","LISTED_IN"
"7","370","LISTED_IN"
"11","371","LISTED_IN"
"10","372","LISTED_IN"
"7","372","LISTED_IN"
"3","373","LISTED_IN"
"12","374","LISTED_IN"
"4","374","LISTED_IN"
"8","375","LISTED_IN"
"2","376","LISTED_IN"
"13","376","LISTED_IN"
"8","377","LISTED_IN"
"8","378","LISTED_IN"
"1","378","LISTED_IN"
"5","379","LISTED_IN"
"13","380","LISTED_IN"
"8","380","LISTED_IN"
"7","381","LISTED_IN"
"4","382","LISTED_IN"
"13","382","LISTED_IN"
"7","383","LISTED_IN"
"13","384","LISTED_IN"
"5","384","LISTED_IN"
"5","385","LISTED_IN"
"9","386","LISTED_IN"
"6","386","LISTED_IN"
"13","387","LISTED_IN"
"10","388","LISTED_IN"
"6","388","LISTED_IN"
"6","389","LISTED_IN"
"10","390","LISTED_IN"
"7","390","LISTED_IN"
"6","391","LISTED_IN"
"11","392","LISTED_IN"
"5","392","LISTED_IN"
"8","393","LISTED_IN"
"11","394","LISTED_IN"
"3","394","LISTED_IN"
"5","395","LISTED_IN"
"2","396","LISTED_IN"
"6","396","LISTED_IN"
"1","397","LISTED_IN"
"6","398","LISTED_IN"
"11","398","LISTED_IN"
"11","399","LISTED_IN"
"12","400","LISTED_IN"
"10","401","LISTED_IN"
"6","402","LISTED_IN"
"2","402","LISTED_IN"
"12","403","LISTED_IN"
"9","404","LISTED_IN"
"12","404","LISTED_IN"
"13","405","LISTED_IN"
"13","406","LISTED_IN"
"12","407","LISTED_IN"
"9","408","LISTED_IN"
"10","408","LISTED_IN"
"12","409","LISTED_IN"
"4","410","LISTED_IN"
"1","410","LISTED_IN"
"11","411","LISTED_IN"
"7","412","LISTED_IN"
"10","412","LISTED_IN"
"6","413","LISTED_IN"
"2","414","LISTED_IN"
"5","415","LISTED_IN"
"2","416","LISTED_IN"
"12","417","LISTED_IN"
"8","418","LISTED_IN"
"9","418","LISTED_IN"
"13","419","LISTED_IN"
"1","420","LISTED_IN"
"12","420","LISTED_IN"
"4","421","LISTED_IN"
"6","422","LISTED_IN"
"12","422","LISTED_IN"
"9","423","LISTED_IN"
"3","424","LISTED_IN"
"13","424","LISTED_IN"
"12","425","LISTED_IN"
"2","426","LISTED_IN"
"6","426","LISTED_IN"
"2","427","LISTED_IN"
"4","428","LISTED_IN"
"10","428","LISTED_IN"
"3","429","LISTED_IN"
"12","430","LISTED_IN"
"11","430","LISTED_IN"
"10","431","LISTED_IN"
"11","432","LISTED_IN"
"9","432","LISTED_IN"
"10","433","LISTED_IN"
"11","434","LISTED_IN"
"8","434","LISTED_IN"
"12","435","LISTED_IN"
"7","436","LISTED_IN"
"8","436","LISTED_IN"
"4","437","LISTED_IN"
"2","438","LISTED_IN"
"9","439","LISTED_IN"
"13","440","LISTED_IN"
"7","440","LISTED_IN"
"4","441","LISTED_IN"
"3","442","LISTED_IN"
"6","442","LISTED_IN"
"7","443","LISTED_IN"
"2","444","LISTED_IN"
"10","444","LISTED_IN"
"9","445","LISTED_IN"
"7","446","LISTED_IN"
"9","446","LISTED_IN"
"5","447","LISTED_IN"
"4","448","LISTED_IN"
"7","448","LISTED_IN"
"2","449","LISTED_IN"
"3","450","LISTED_IN"
"10","450","LISTED_IN"
"12","451","LISTED_IN"
"12","452","LISTED_IN"
"3","452","LISTED_IN"
"7","453","LISTED_IN"
"1","454","LISTED_IN"
"8","454","LISTED_IN"
"12","455","LISTED_IN"
"5","456","LISTED_IN"
"2","456","LISTED_IN"
"13","457","LISTED_IN"
"4","458","LISTED_IN"
"2","458","LISTED_IN"
"9","459","LISTED_IN"
"9","460","LISTED_IN"
"9","461","LISTED_IN"
"13","462","LISTED_IN"
"11","462","LISTED_IN"
"10","463","LISTED_IN"
"2","464","LISTED_IN"
"11","464","LISTED_IN"
"12","465","LISTED_IN"
"7","466","LISTED_IN"
"11","466","LISTED_IN"
"12","467","LISTED_IN"
"3","468","LISTED_IN"
"1","468","LISTED_IN"
"1","469","LISTED_IN"
"7","470","LISTED_IN"
"11","470","LISTED_IN"
"11","471","LISTED_IN"
"3","472","LISTED_IN"
"5","472","LISTED_IN"
"6","473","LISTED_IN"
"7","474","LISTED_IN"
"1","474","LISTED_IN"
"4","475","LISTED_IN"
"8","476","LISTED_IN"
"11","476","LISTED_IN"
"3","477","LISTED_IN"
"12","478","LISTED_IN"
"7","478","LISTED_IN"
"8","479","LISTED_IN"
"6","480","LISTED_IN"
"4","481","LISTED_IN"
"10","482","LISTED_IN"
"9","482","LISTED_IN"
"7","483","LISTED_IN"
"10","484","LISTED_IN"
"12","484","LISTED_IN"
"12","485","LISTED_IN"
"2","486","LISTED_IN"
"12","486","LISTED_IN"
"6","487","LISTED_IN"
"2","488","LISTED_IN"
"10","488","LISTED_IN"
"7","489","LISTED_IN"
"12","490","LISTED_IN"
"6","490","LISTED_IN"
"6","491","LISTED_IN"
"10","492","LISTED_IN"
"13","492","LISTED_IN"
"12","493","LISTED_IN"
"7","494","LISTED_IN"
"3","494","LISTED_IN"
"8","495","LISTED_IN"
"3","496","LISTED_IN"
"6","496","LISTED_IN"
"6","497","LISTED_IN"
"12","498","LISTED_IN"
"3","498","LISTED_IN"
"11","499","LISTED_IN"
"5","500","LISTED_IN"
"2","500","LISTED_IN"
"11","501","LISTED_IN"
"10","502","LISTED_IN"
"12","502","LISTED_IN"
"13","503","LISTED_IN"
"5","504","LISTED_IN"
"2","504","LISTED_IN"
"1","505","LISTED_IN"
"13","506","LISTED_IN"
"9","506","LISTED_IN"
"4","507","LISTED_IN"
"5","508","LISTED_IN"
"6","508","LISTED_IN"
"13","509","LISTED_IN"
"12","510","LISTED_IN"
"7","510","LISTED_IN"
"11","511","LISTED_IN"
"10","512","LISTED_IN"
"5","512","LISTED_IN"
"10","513","LISTED_IN"
"1","514","LISTED_IN"
"9","514","LISTED_IN"
"5","515","LISTED_IN"
"2","516","LISTED_IN"
"6","516","LISTED_IN"
"12","517","LISTED_IN"
"11","518","LISTED_IN"
"5","518","LISTED_IN"
"4","519","LISTED_IN"
"6","520","LISTED_IN"
"2","520","LISTED_IN"
"11","521","LISTED_IN"
"5","522","LISTED_IN"
"7","522","LISTED_IN"
"9","523","LISTED_IN"
"7","524","LISTED_IN"
"13","524","LISTED_IN"
"8","525","LISTED_IN"
"8","526","LISTED_IN"
"13","526","LISTED_IN"
"2","527","LISTED_IN"
"9","528","LISTED_IN"
"13","528","LISTED_IN"
"3","529","LISTED_IN"
"5","530","LISTED_IN"
"12","530","LISTED_IN"
"9","531","LISTED_IN"
"7","532","LISTED_IN"
"8","532","LISTED_IN"
"3","533","LISTED_IN"
"7","534","LISTED_IN"
"8","534","LISTED_IN"
"1","535","LISTED_IN"
"5","536","LISTED_IN"
"2","536","LISTED_IN"
"5","537","LISTED_IN"
"13","538","LISTED_IN"
"3","538","LISTED_IN"
"10","539","LISTED_IN"
"2","540","LISTED_IN"
"11","540","LISTED_IN"
"13","541","LISTED_IN"
"1","542","LISTED_IN"
"2","542","LISTED_IN"
"7","543","LISTED_IN"
"4","544","LISTED_IN"
"11","544","LISTED_IN"
"2","545","LISTED_IN"
"10","546","LISTED_IN"
"4","546","LISTED_IN"
"13","547","LISTED_IN"
"7","548","LISTED_IN"
"4","548","LISTED_IN"
"2","549","LISTED_IN"
"11","550","LISTED_IN"
"13","550","LISTED_IN"
"12","551","LISTED_IN"
"2","552","LISTED_IN"
"1","552","LISTED_IN"
"9","553","LISTED_IN"
"12","554","LISTED_IN"
"6","554","LISTED_IN"
"7","555","LISTED_IN"
"9","556","LISTED_IN"
"13","556","LISTED_IN"
"11","557","LISTED_IN"
"7","558","LISTED_IN"
"8","558","LISTED_IN"
"1","559","LISTED_IN"
"1","560","LISTED_IN"
"2","560","LISTED_IN"
"11","561","LISTED_IN"
"1","562","LISTED_IN"
"5","562","LISTED_IN"
"1","563","LISTED_IN"
"10","564","LISTED_IN"
"4","564","LISTED_IN"
"1","565","LISTED_IN"
"8","566","LISTED_IN"
"9","566","LISTED_IN"
"11","567","LISTED_IN"
"4","568","LISTED_IN"
"10","568","LISTED_IN"
"13","569","LISTED_IN"
"8","570","LISTED_IN"
"13","570","LISTED_IN"
"13","571","LISTED_IN"
"13","572","LISTED_IN"
"4","572","LISTED_IN"
"12","573","LISTED_IN"
"1","574","LISTED_IN"
"2","574","LISTED_IN"
"7","575","LISTED_IN"
"10","576","LISTED_IN"
"8","576","LISTED_IN"
"13","577","LISTED_IN"
"9","578","LISTED_IN"
"7","578","LISTED_IN"
"11","579","LISTED_IN"
"8","580","LISTED_IN"
"12","580","LISTED_IN"
"10","581","LISTED_IN"
"4","582","LISTED_IN"
"3","582","LISTED_IN"
"9","583","LISTED_IN"
"2","584","LISTED_IN"
"13","584","LISTED_IN"
"10","585","LISTED_IN"
"2","586","LISTED_IN"
"7","586","LISTED_IN"
"11","587","LISTED_IN"
"12","588","LISTED_IN"
"2","588","LISTED_IN"
"8","589","LISTED_IN"
"13","590","LISTED_IN"
"3","590","LISTED_IN"
"1","591","LISTED_IN"
"5","592","LISTED_IN"
"4","592","LISTED_IN"
"10","593","LISTED_IN"
"11","594","LISTED_IN"
"5","594","LISTED_IN"
"12","595","LISTED_IN"
"10","596","LISTED_IN"
"1","596","LISTED_IN"
"11","597","LISTED_IN"
"9","598","LISTED_IN"
"4","598","LISTED_IN"
"11","599","LISTED_IN"
"3","600","LISTED_IN"
"1","600","LISTED_IN"
"10","601","LISTED_IN"
"2","602","LISTED_IN"
"7","602","LISTED_IN"
"8","603","LISTED_IN"
"7","604","LISTED_IN"
"1","604","LISTED_IN"
"12","605","LISTED_IN"
"12","606","LISTED_IN"
"4","606","LISTED_IN"
"7","607","LISTED_IN"
"2","608","LISTED_IN"
"1","608","LISTED_IN"
"13","609","LISTED_IN"
"13","610","LISTED_IN"
"11","610","LISTED_IN"
"11","611","LISTED_IN"
"2","612","LISTED_IN"
"10","612","LISTED_IN"
"9","613","LISTED_IN"
"12","614","LISTED_IN"
"2","614","LISTED_IN"
"1","615","LISTED_IN"
"11","616","LISTED_IN"
"10","616","LISTED_IN"
"12","617","LISTED_IN"
"3","618","LISTED_IN"
"8","618","LISTED_IN"
"11","619","LISTED_IN"
"9","620","LISTED_IN"
"11","620","LISTED_IN"
"10","621","LISTED_IN"
"12","622","LISTED_IN"
"2","622","LISTED_IN"
"7","623","LISTED_IN"
"5","624","LISTED_IN"
"3","624","LISTED_IN"
"1","625","LISTED_IN"
"5","626","LISTED_IN"
"2","626","LISTED_IN"
"7","627","LISTED_IN"
"1","628","LISTED_IN"
"4","628","LISTED_IN"
"9","629","LISTED_IN"
"8","630","LISTED_IN"
"3","631","LISTED_IN"
"5","632","LISTED_IN"
"12","632","LISTED_IN"
"13","633","LISTED_IN"
"1","634","LISTED_IN"
"9","634","LISTED_IN"
"9","635","LISTED_IN"
"11","636","LISTED_IN"
"7","636","LISTED_IN"
"6","637","LISTED_IN"
"1","638","LISTED_IN"
"10","638","LISTED_IN"
"6","639","LISTED_IN"
"13","640","LISTED_IN"
"3","640","LISTED_IN"
"5","641","LISTED_IN"
"2","642","LISTED_IN"
"13","642","LISTED_IN"
"2","643","LISTED_IN"
"7","644","LISTED_IN"
"12","644","LISTED_IN"
"6","645","LISTED_IN"
"10","646","LISTED_IN"
"7","646","LISTED_IN"
"11","647","LISTED_IN"
"11","648","LISTED_IN"
"4","648","LISTED_IN"
"4","649","LISTED_IN"
"13","650","LISTED_IN"
"10","650","LISTED_IN"
"5","651","LISTED_IN"
"6","652","LISTED_IN"
"9","652","LISTED_IN"
"3","653","LISTED_IN"
"8","654","LISTED_IN"
"11","654","LISTED_IN"
"8","655","LISTED_IN"
"7","656","LISTED_IN"
"12","656","LISTED_IN"
"6","657","LISTED_IN"
"2","658","LISTED_IN"
"11","658","LISTED_IN"
"11","659","LISTED_IN"
"2","660","LISTED_IN"
"10","660","LISTED_IN"
"12","661","LISTED_IN"
"6","662","LISTED_IN"
"5","662","LISTED_IN"
"4","663","LISTED_IN"
"4","664","LISTED_IN"
"11","664","LISTED_IN"
"7","665","LISTED_IN"
"4","666","LISTED_IN"
"11","666","LISTED_IN"
"11","667","LISTED_IN"
"6","668","LISTED_IN"
"9","668","LISTED_IN"
"5","669","LISTED_IN"
"2","670","LISTED_IN"
"13","670","LISTED_IN"
"8","671","LISTED_IN"
"2","672","LISTED_IN"
"6","672","LISTED_IN"
"3","673","LISTED_IN"
"4","674","LISTED_IN"
"9","675","LISTED_IN"
"10","676","LISTED_IN"
"6","676","LISTED_IN"
"12","677","LISTED_IN"
"1","678","LISTED_IN"
"5","678","LISTED_IN"
"6","679","LISTED_IN"
"4","680","LISTED_IN"
"11","680","LISTED_IN"
"4","681","LISTED_IN"
"7","682","LISTED_IN"
"4","682","LISTED_IN"
"10","683","LISTED_IN"
"1","684","LISTED_IN"
"12","684","LISTED_IN"
"2","685","LISTED_IN"
"2","686","LISTED_IN"
"8","686","LISTED_IN"
"10","687","LISTED_IN"
"8","688","LISTED_IN"
"1","688","LISTED_IN"
"5","689","LISTED_IN"
"2","690","LISTED_IN"
"13","690","LISTED_IN"
"2","691","LISTED_IN"
"1","692","LISTED_IN"
"8","692","LISTED_IN"
"3","693","LISTED_IN"
"11","694","LISTED_IN"
"7","694","LISTED_IN"
"9","695","LISTED_IN"
"4","696","LISTED_IN"
"7","696","LISTED_IN"
"6","697","LISTED_IN"
"6","698","LISTED_IN"
"7","698","LISTED_IN"
"12","699","LISTED_IN"
"4","700","LISTED_IN"
"6","700","LISTED_IN"
"12","701","LISTED_IN"
"5","702","LISTED_IN"
"13","702","LISTED_IN"
"9","703","LISTED_IN"
"5","704","LISTED_IN"
"13","704","LISTED_IN"
"13","705","LISTED_IN"
"4","706","LISTED_IN"
"10","706","LISTED_IN"
"7","707","LISTED_IN"
"13","708","LISTED_IN"
"6","708","LISTED_IN"
"9","709","LISTED_IN"
"6","710","LISTED_IN"
"12","710","LISTED_IN"
"13","711","LISTED_IN"
"8","712","LISTED_IN"
"13","712","LISTED_IN"
"12","713","LISTED_IN"
"4","714","LISTED_IN"
"6","715","LISTED_IN"
"8","716","LISTED_IN"
"11","716","LISTED_IN"
"4","717","LISTED_IN"
"2","718","LISTED_IN"
"13","718","LISTED_IN"
"2","719","LISTED_IN"
"8","720","LISTED_IN"
"1","721","LISTED_IN"
"3","722","LISTED_IN"
"11","722","LISTED_IN"
"13","723","LISTED_IN"
"1","724","LISTED_IN"
"11","724","LISTED_IN"
"13","725","LISTED_IN"
"2","726","LISTED_IN"
"1","726","LISTED_IN"
"10","727","LISTED_IN"
"8","728","LISTED_IN"
"2","728","LISTED_IN"
"10","729","LISTED_IN"
"8","730","LISTED_IN"
"4","730","LISTED_IN"
"7","731","LISTED_IN"
"12","732","LISTED_IN"
"5","732","LISTED_IN"
"7","733","LISTED_IN"
"3","734","LISTED_IN"
"12","734","LISTED_IN"
"3","735","LISTED_IN"
"7","736","LISTED_IN"
"1","736","LISTED_IN"
"9","737","LISTED_IN"
"3","738","LISTED_IN"
"7","738","LISTED_IN"
"2","739","LISTED_IN"
"13","740","LISTED_IN"
"11","740","LISTED_IN"
"1","741","LISTED_IN"
"10","742","LISTED_IN"
"2","742","LISTED_IN"
"11","743","LISTED_IN"
"5","744","LISTED_IN"
"13","744","LISTED_IN"
"10","745","LISTED_IN"
"3","746","LISTED_IN"
"13","746","LISTED_IN"
"12","747","LISTED_IN"
"11","748","LISTED_IN"
"3","748","LISTED_IN"
"13","749","LISTED_IN"
"5","750","LISTED_IN"
"7","750","LISTED_IN"
"6","751","LISTED_IN"
"12","752","LISTED_IN"
"13","752","LISTED_IN"
"5","753","LISTED_IN"
"7","754","LISTED_IN"
"8","754","LISTED_IN"
"2","755","LISTED_IN"
"11","756","LISTED_IN"
"10","756","LISTED_IN"
"6","757","LISTED_IN"
"13","758","LISTED_IN"
"10","758","LISTED_IN"
"6","759","LISTED_IN"
"5","760","LISTED_IN"
"4","760","LISTED_IN"
"11","761","LISTED_IN"
"13","762","LISTED_IN"
"1","762","LISTED_IN"
"11","763","LISTED_IN"
"1","764","LISTED_IN"
"11","764","LISTED_IN"
"13","765","LISTED_IN"
"3","766","LISTED_IN"
"5","766","LISTED_IN"
"10","767","LISTED_IN"
"11","768","LISTED_IN"
"8","768","LISTED_IN"
"7","769","LISTED_IN"
"2","770","LISTED_IN"
"7","770","LISTED_IN"
"10","771","LISTED_IN"
"8","772","LISTED_IN"
"10","772","LISTED_IN"
"12","773","LISTED_IN"
"12","774","LISTED_IN"
"11","774","LISTED_IN"
"6","775","LISTED_IN"
"3","776","LISTED_IN"
"6","776","LISTED_IN"
"12","777","LISTED_IN"
"5","778","LISTED_IN"
"3","778","LISTED_IN"
"7","779","LISTED_IN"
"13","780","LISTED_IN"
"1","780","LISTED_IN"
"3","781","LISTED_IN"
"1","782","LISTED_IN"
"12","782","LISTED_IN"
"10","783","LISTED_IN"
"13","784","LISTED_IN"
"12","784","LISTED_IN"
"12","785","LISTED_IN"
"8","786","LISTED_IN"
"4","786","LISTED_IN"
"5","787","LISTED_IN"
"2","788","LISTED_IN"
"6","788","LISTED_IN"
"1","789","LISTED_IN"
"1","790","LISTED_IN"
"10","790","LISTED_IN"
"10","791","LISTED_IN"
"5","792","LISTED_IN"
"2","792","LISTED_IN"
"2","793","LISTED_IN"
"12","794","LISTED_IN"
"13","794","LISTED_IN"
"8","795","LISTED_IN"
"6","796","LISTED_IN"
"12","796","LISTED_IN"
"1","797","LISTED_IN"
"7","798","LISTED_IN"
"1","798","LISTED_IN"
"7","799","LISTED_IN"
"1","800","LISTED_IN"
"3","801","LISTED_IN"
"6","802","LISTED_IN"
"5","802","LISTED_IN"
"4","803","LISTED_IN"
"1","804","LISTED_IN"
"10","804","LISTED_IN"
"13","805","LISTED_IN"
"7","806","LISTED_IN"
"4","807","LISTED_IN"
"9","808","LISTED_IN"
"3","808","LISTED_IN"
"3","809","LISTED_IN"
"3","810","LISTED_IN"
"10","810","LISTED_IN"
"9","811","LISTED_IN"
"7","812","LISTED_IN"
"3","812","LISTED_IN"
"8","813","LISTED_IN"
"7","814","LISTED_IN"
"4","814","LISTED_IN"
"3","815","LISTED_IN"
"9","816","LISTED_IN"
"6","816","LISTED_IN"
"1","817","LISTED_IN"
"7","818","LISTED_IN"
"2","818","LISTED_IN"
"12","819","LISTED_IN"
"1","820","LISTED_IN"
"2","820","LISTED_IN"
"1","821","LISTED_IN"
"3","822","LISTED_IN"
"7","822","LISTED_IN"
"11","823","LISTED_IN"
"11","824","LISTED_IN"
"5","824","LISTED_IN"
"13","825","LISTED_IN"
"4","826","LISTED_IN"
"11","826","LISTED_IN"
"7","827","LISTED_IN"
"1","828","LISTED_IN"
"4","828","LISTED_IN"
"10","829","LISTED_IN"
"2","830","LISTED_IN"
"7","830","LISTED_IN"
"13","831","LISTED_IN"
"8","832","LISTED_IN"
"3","832","LISTED_IN"
"9","833","LISTED_IN"
"13","834","LISTED_IN"
"4","834","LISTED_IN"
"2","835","LISTED_IN"
"3","836","LISTED_IN"
"2","837","LISTED_IN"
"8","838","LISTED_IN"
"6","838","LISTED_IN"
"11","839","LISTED_IN"
"4","840","LISTED_IN"
"11","840","LISTED_IN"
"10","841","LISTED_IN"
"3","842","LISTED_IN"
"5","842","LISTED_IN"
"3","843","LISTED_IN"
"5","844","LISTED_IN"
"9","844","LISTED_IN"
"13","845","LISTED_IN"
"13","846","LISTED_IN"
"3","846","LISTED_IN"
"12","847","LISTED_IN"
"3","848","LISTED_IN"
"2","848","LISTED_IN"
"3","849","LISTED_IN"
"6","850","LISTED_IN"
"3","850","LISTED_IN"
"8","851","LISTED_IN"
"6","852","LISTED_IN"
"5","852","LISTED_IN"
"10","853","LISTED_IN"
"13","854","LISTED_IN"
"5","854","LISTED_IN"
"5","855","LISTED_IN"
"4","856","LISTED_IN"
"12","856","LISTED_IN"
"5","857","LISTED_IN"
"11","858","LISTED_IN"
"3","858","LISTED_IN"
"5","859","LISTED_IN"
"12","860","LISTED_IN"
"6","860","LISTED_IN"
"1","861","LISTED_IN"
"6","862","LISTED_IN"
"5","862","LISTED_IN"
"13","863","LISTED_IN"
"6","864","LISTED_IN"
"11","865","LISTED_IN"
"2","866","LISTED_IN"
"9","866","LISTED_IN"
"7","867","LISTED_IN"
"10","868","LISTED_IN"
"6","868","LISTED_IN"
"10","869","LISTED_IN"
"6","870","LISTED_IN"
"9","870","LISTED_IN"
"7","871","LISTED_IN"
"10","872","LISTED_IN"
"1","872","LISTED_IN"
"12","873","LISTED_IN"
"9","874","LISTED_IN"
"12","874","LISTED_IN"
"10","875","LISTED_IN"
"1","876","LISTED_IN"
"2","876","LISTED_IN"
"2","877","LISTED_IN"
"4","878","LISTED_IN"
"7","878","LISTED_IN"
"5","879","LISTED_IN"
"4","880","LISTED_IN"
"9","880","LISTED_IN"
"11","881","LISTED_IN"
"2","882","LISTED_IN"
"5","882","LISTED_IN"
"4","883","LISTED_IN"
"12","884","LISTED_IN"
"2","884","LISTED_IN"
"11","885","LISTED_IN"
"13","886","LISTED_IN"
"12","886","LISTED_IN"
"1","887","LISTED_IN"
"4","888","LISTED_IN"
"2","888","LISTED_IN"
"3","889","LISTED_IN"
"3","890","LISTED_IN"
"6","890","LISTED_IN"
"4","891","LISTED_IN"
"8","892","LISTED_IN"
"7","892","LISTED_IN"
"8","893","LISTED_IN"
"7","894","LISTED_IN"
"2","894","LISTED_IN"
"11","895","LISTED_IN"
"5","896","LISTED_IN"
"2","896","LISTED_IN"
"4","897","LISTED_IN"
"8","898","LISTED_IN"
"9","898","LISTED_IN"
"7","899","LISTED_IN"
"12","900","LISTED_IN"
"5","900","LISTED_IN"
"1","901","LISTED_IN"
"9","902","LISTED_IN"
"6","902","LISTED_IN"
"7","903","LISTED_IN"
"2","904","LISTED_IN"
"8","904","LISTED_IN"
"10","905","LISTED_IN"
"12","906","LISTED_IN"
"1","906","LISTED_IN"
"3","907","LISTED_IN"
"4","908","LISTED_IN"
"13","908","LISTED_IN"
"13","909","LISTED_IN"
"7","910","LISTED_IN"
"2","910","LISTED_IN"
"11","911","LISTED_IN"
"8","912","LISTED_IN"
"2","912","LISTED_IN"
"10","913","LISTED_IN"
"10","914","LISTED_IN"
"1","914","LISTED_IN"
"4","915","LISTED_IN"
"11","916","LISTED_IN"
"1","917","LISTED_IN"
"11","918","LISTED_IN"
"1","918","LISTED_IN"
"2","919","LISTED_IN"
"13","920","LISTED_IN"
"1","920","LISTED_IN"
"3","921","LISTED_IN"
"13","922","LISTED_IN"
"10","922","LISTED_IN"
"13","923","LISTED_IN"
"7","924","LISTED_IN"
"5","924","LISTED_IN"
"8","925","LISTED_IN"
"10","926","LISTED_IN"
"12","926","LISTED_IN"
"9","927","LISTED_IN"
"5","928","LISTED_IN"
"3","928","LISTED_IN"
"11","929","LISTED_IN"
"5","930","LISTED_IN"
"12","930","LISTED_IN"
"8","931","LISTED_IN"
"2","932","LISTED_IN"
"4","932","LISTED_IN"
"8","933","LISTED_IN"
"12","934","LISTED_IN"
"11","934","LISTED_IN"
"2","935","LISTED_IN"
"7","936","LISTED_IN"
"10","936","LISTED_IN"
"11","937","LISTED_IN"
"12","938","LISTED_IN"
"5","938","LISTED_IN"
"13","939","LISTED_IN"
"7","940","LISTED_IN"
"10","940","LISTED_IN"
"9","941","LISTED_IN"
"9","942","LISTED_IN"
"12","942","LISTED_IN"
"13","943","LISTED_IN"
"12","944","LISTED_IN"
"9","944","LISTED_IN"
"2","945","LISTED_IN"
"3","946","LISTED_IN"
"10","946","LISTED_IN"
"8","947","LISTED_IN"
"7","948","LISTED_IN"
"5","948","LISTED_IN"
"10","949","LISTED_IN"
"11","950","LISTED_IN"
"4","950","LISTED_IN"
"6","951","LISTED_IN"
"4","952","LISTED_IN"
"12","952","LISTED_IN"
"10","953","LISTED_IN"
"7","954","LISTED_IN"
"13","954","LISTED_IN"
"13","955","LISTED_IN"
"6","956","LISTED_IN"
"10","956","LISTED_IN"
"8","957","LISTED_IN"
"6","958","LISTED_IN"
"11","958","LISTED_IN"
"4","959","LISTED_IN"
"7","960","LISTED_IN"
"11","960","LISTED_IN"
"4","961","LISTED_IN"
"10","962","LISTED_IN"
"4","962","LISTED_IN"
"3","963","LISTED_IN"
"1","964","LISTED_IN"
"12","964","LISTED_IN"
"7","965","LISTED_IN"
"4","966","LISTED_IN"
"10","966","LISTED_IN"
"10","967","LISTED_IN"
"7","968","LISTED_IN"
"2","968","LISTED_IN"
"8","969","LISTED_IN"
"3","970","LISTED_IN"
"10","970","LISTED_IN"
"13","971","LISTED_IN"
"5","972","LISTED_IN"
"11","972","LISTED_IN"
"3","973","LISTED_IN"
"6","974","LISTED_IN"
"2","974","LISTED_IN"
"4","975","LISTED_IN"
"13","976","LISTED_IN"
"3","976","LISTED_IN"
"7","977","LISTED_IN"
"3","978","LISTED_IN"
"12","978","LISTED_IN"
"11","979","LISTED_IN"
"8","980","LISTED_IN"
"1","980","LISTED_IN"
"11","981","LISTED_IN"
"6","982","LISTED_IN"
"11","982","LISTED_IN"
"2","983","LISTED_IN"
"13","984","LISTED_IN"
"6","984","LISTED_IN"
"11","985","LISTED_IN"
"12","986","LISTED_IN"
"10","986","LISTED_IN"
"4","987","LISTED_IN"
"11","988","LISTED_IN"
"12","988","LISTED_IN"
"7","989","LISTED_IN"
"5","990","LISTED_IN"
"11","991","LISTED_IN"
"1","992","LISTED_IN"
"13","992","LISTED_IN"
"10","993","LISTED_IN"
"11","994","LISTED_IN"
"1","994","LISTED_IN"
"9","995","LISTED_IN"
"1","996","LISTED_IN"
"6","997","LISTED_IN"
"1","998","LISTED_IN"
"3","998","LISTED_IN"
"6","999","LISTED_IN"
"12","1000","LISTED_IN"
"6","1000","LISTED_IN"
