id,first_name,last_name
"1","Antonina","Schuppe"
"2","Ismael","Flatley"
"3","Nettie","Rath"
"4","Hailie","Shields"
"5","Oceane","Franey"
"6","Vicente","Purdy"
"7","Hertha","Jones"
"8","Eleazar","Baumbach"
"9","Mabel","Sauer"
"10","Dariana","Mueller"
"11","Fabiola","Abshire"
"12","Breanna","Yundt"
"13","Chaya","Schroeder"
"14","Rodolfo","Emmerich"
"15","Bennett","Douglas"
"16","Javon","Schmeler"
"17","Ward","Kutch"
"18","Marcos","Kohler"
"19","Ansel","Nitzsche"
"20","Ike","Mueller"
"21","Jeffry","Terry-Hermiston"
"22","Hyman","Wehner"
"23","Tamia","Lebsack"
"24","Mike","Klein"
"25","Eula","Zemlak"
"26","Estevan","Upton"
"27","Cielo","King"
"28","Jaden","Bode"
"29","Janie","Beier-Murray"
"30","Benedict","O'Hara"
"31","Nicole","Kuhn"
"32","Demetris","Hackett"
"33","Samantha","Bahringer"
"34","Makenna","Schuster"
"35","Rudy","Fisher-Buckridge"
"36","Armani","Murphy-Collins"
"37","Candida","Hirthe"
"38","Pierre","Ritchie"
"39","Joaquin","Schiller"
"40","Maiya","Rippin"
"41","Elenor","Durgan"
"42","Jewell","Davis"
"43","Fern","Labadie"
"44","Aurelia","Carter-Abernathy"
"45","Ericka","Bogan"
"46","Jon","Rice-MacGyver"
"47","Ezra","Jakubowski"
"48","Lorena","Stroman"
"49","Larry","Davis"
"50","Lia","Wyman"
"51","Kelton","Franecki"
"52","Laurie","Heathcote"
"53","Zechariah","Boehm"
"54","Kathlyn","Hahn"
"55","Benjamin","Conn"
"56","Molly","Beatty"
"57","Rosamond","Kris"
"58","Cortney","Lind"
"59","Liliane","King"
"60","Juston","Kutch"
"61","Jolie","Runolfsdottir"
"62","Retha","Hoeger"
"63","Estell","McKenzie"
"64","Theodore","Friesen"
"65","Arlie","Reichel"
"66","Jeffery","Bechtelar"
"67","Dante","Jones"
"68","Bernice","Schiller"
"69","Jeanette","Hamill"
"70","Darrick","Kris"
"71","Maritza","Hilpert"
"72","Harrison","Homenick"
"73","Myron","Lang"
"74","Hillard","Waelchi"
"75","Kirk","Dietrich"
"76","Verna","Feil"
"77","Adam","Schuster"
"78","Monte","Kreiger"
"79","Rhea","Gerlach"
"80","Theresia","O'Hara"
"81","Travis","Moore"
"82","Tommie","Schaden"
"83","Bettie","Blick"
"84","Albina","Steuber"
"85","Johanna","Sporer"
"86","Manuel","Sauer"
"87","Isabelle","Hand"
"88","Jamie","Lakin"
"89","Patrick","Kerluke"
"90","Dominique","Tromp"
"91","Alyce","Gerhold"
"92","Elizabeth","Stokes"
"93","Mittie","Smith"
"94","Jayde","Glover-Hessel"
"95","Paul","Stracke"
"96","Zakary","Gleason"
"97","Yadira","Cassin"
"98","Delta","Ullrich"
"99","Eino","Sipes"
"100","Dorris","Lang"
"101","Grant","McGlynn"
"102","Brenda","Bailey"
"103","Kaelyn","Emard"
"104","Leilani","Armstrong"
"105","Ford","Nicolas"
"106","Bailee","O'Kon"
"107","Daniela","VonRueden"
"108","Donato","Heathcote"
"109","Giles","Blanda"
"110","Zackery","Hessel"
"111","Timmothy","Borer"
"112","Greta","Reichel"
"113","Melody","Senger"
"114","Rowan","Feeney"
"115","Flavio","Morar"
"116","Helena","O'Connell"
"117","Providenci","Bogisich"
"118","Rocio","Balistreri"
"119","Charlene","Friesen"
"120","Tyreek","Veum"
"121","Vita","Hills"
"122","Caesar","Pollich"
"123","Torrance","Schulist"
"124","Arnoldo","Grant"
"125","Sally","Klocko-Turcotte"
"126","Jeramy","Schoen"
"127","Herbert","Hilpert"
"128","Amelia","Abbott"
"129","Rollin","Dibbert"
"130","Kendall","Huel"
"131","Joany","Kreiger"
"132","Burley","Koch"
"133","Boris","Little"
"134","Rodrick","McLaughlin"
"135","Dean","Bednar"
"136","Jillian","Emmerich"
"137","Lucas","Torphy"
"138","Vickie","Larkin"
"139","Liliane","Littel-Kessler"
"140","Oscar","Sipes"
"141","Kurtis","Maggio"
"142","Dorris","Morissette"
"143","Jabari","Hand"
"144","Lonzo","Lehner"
"145","Cathy","O'Conner"
"146","Margaret","Reichert-McLaughlin"
"147","Johnpaul","Beer"
"148","David","Lesch"
"149","Isabelle","Gerlach"
"150","Brionna","Boyle"
"151","Milo","Hoppe"
"152","Hermann","Streich"
"153","Leland","Crooks"
"154","Jessie","Murphy-Smith"
"155","Adella","Bruen"
"156","Abner","O'Conner"
"157","Tiffany","Wisozk"
"158","Afton","Kerluke"
"159","Ignatius","Kshlerin"
"160","Jackson","Willms"
"161","Forrest","Feeney"
"162","Emie","Walker"
"163","Jeff","Raynor"
"164","Norma","Kovacek"
"165","Edwina","King"
"166","Eldora","Rolfson"
"167","Ines","Jaskolski-Collins"
"168","Clint","McLaughlin"
"169","Loraine","Goodwin"
"170","Kelly","O'Keefe"
"171","Hilton","Jaskolski"
"172","Mona","Wolff"
"173","Aisha","Thompson"
"174","Doyle","Beahan"
"175","Lenore","Ruecker"
"176","Judah","Kuphal"
"177","Heath","Reichel"
"178","Dax","Morar"
"179","Lily","Kuhic-Hackett"
"180","Eldridge","Steuber"
"181","Isabell","Hoppe"
"182","Neoma","Grimes"
"183","Betsy","Kulas"
"184","Filomena","Daugherty"
"185","Tessie","Beatty"
"186","Rusty","Hickle"
"187","Brain","Larson"
"188","Yasmeen","Beier"
"189","Elissa","Rippin"
"190","Jaylin","Simonis"
"191","Tristian","Ruecker"
"192","Gordon","Predovic-Hansen"
"193","Juanita","Funk"
"194","Ardella","Monahan"
"195","Vladimir","Reilly"
"196","Don","Kessler"
"197","Ethyl","Walker"
"198","Mariane","Hayes"
"199","Burnice","Shanahan"
"200","Mollie","Jerde"
"201","Ricky","Stroman"
"202","Aliyah","Muller"
"203","Ludie","Turner"
"204","Sabryna","Bartoletti"
"205","Marcelle","Lueilwitz"
"206","Tremayne","Ward"
"207","Hardy","Kertzmann"
"208","Thomas","Daugherty"
"209","Hyman","Shields-Mante"
"210","Betsy","Witting"
"211","Jerry","Blanda"
"212","Cordell","Williamson"
"213","Brycen","Legros"
"214","Lucious","Crist"
"215","Damon","Stokes"
"216","Jovani","Berge"
"217","Dorcas","Breitenberg"
"218","Dovie","Gusikowski"
"219","Nakia","Gleichner"
"220","Ladarius","Beahan"
"221","Lula","Runolfsson"
"222","Kianna","Konopelski"
"223","Bernardo","Pacocha"
"224","Austen","Harvey-Larkin"
"225","Sierra","Cole"
"226","Maria","Treutel"
"227","Shawn","Erdman"
"228","Antonina","Mohr"
"229","Andres","Weissnat"
"230","Adan","Beier-Mitchell"
"231","Jordi","Dickens"
"232","Oswaldo","Rolfson"
"233","Jerad","Koss"
"234","Raymundo","Quitzon"
"235","Nella","Rath"
"236","Richmond","D'Amore"
"237","Columbus","Spencer"
"238","Mervin","Kuvalis-Block"
"239","Karlee","Blanda"
"240","Destany","Stamm"
"241","Casimer","Ferry"
"242","Camilla","Pfannerstill"
"243","Mercedes","Schmeler"
"244","Lionel","Gleichner"
"245","Palma","Weissnat"
"246","Christopher","Brakus"
"247","Demarcus","Spinka"
"248","Kamren","Torp"
"249","Gladys","Nolan-Waters"
"250","Jazlyn","DuBuque"
"251","Maurine","Mitchell"
"252","Joan","Cummings"
"253","Frederik","Hilll"
"254","Terrill","Satterfield"
"255","Eldora","Cummings"
"256","Pink","Champlin"
"257","Tyra","Collins"
"258","Kaycee","Hermiston"
"259","Rubie","Spencer"
"260","Carlos","Bogisich"
"261","Reilly","Ziemann"
"262","Kody","Mertz"
"263","Garret","Kutch"
"264","Delphine","Gottlieb"
"265","Giovanni","Bergstrom"
"266","Mac","Huels"
"267","Hardy","Little"
"268","Dangelo","Green"
"269","Emily","Kessler"
"270","Rosie","Aufderhar"
"271","Harmony","Cole"
"272","Leda","Satterfield"
"273","Sandrine","Braun"
"274","Lessie","Leannon"
"275","Max","Bins"
"276","Emmalee","Ziemann"
"277","Freddy","Erdman"
"278","Bethany","Hickle"
"279","Twila","Ferry"
"280","Florence","Kuhlman"
"281","Reina","Beahan"
"282","Zachary","Konopelski"
"283","Matt","Bahringer"
"284","Caden","Stamm"
"285","Winfield","Hayes"
"286","Michelle","Mills"
"287","Sigurd","Macejkovic"
"288","Norris","Mohr"
"289","Assunta","Green"
"290","Katelin","Skiles"
"291","Reina","Lowe"
"292","Rogers","Mosciski"
"293","Reymundo","Conn"
"294","Myrtice","Considine"
"295","Wendell","Becker"
"296","Leopold","Hammes-Kub"
"297","Myrtis","Koss"
"298","Kaia","Bins"
"299","Casandra","Strosin-Carroll"
"300","Astrid","Gutmann"
"301","Betty","Homenick"
"302","Ferne","Mayert"
"303","Karlie","Herman"
"304","Lisa","Emard"
"305","Bailey","Boyer"
"306","Santos","Hoeger"
"307","Sabrina","Kulas"
"308","Elyssa","Harris"
"309","Wendell","Gottlieb"
"310","Cyril","Adams"
"311","Janie","Rippin"
"312","Dennis","Bode"
"313","Claud","Kuhlman-Lemke"
"314","Elvera","MacGyver"
"315","Shaina","Murray"
"316","Makenna","Schroeder"
"317","Filomena","Stiedemann"
"318","Ricardo","Howell"
"319","Cynthia","Hintz"
"320","David","Dickinson"
"321","Sabrina","Littel"
"322","Aylin","Wunsch"
"323","Dannie","Blanda"
"324","Jefferey","Jacobi"
"325","Alvina","Erdman"
"326","Macey","Walter"
"327","Paula","Legros"
"328","Elyssa","Streich"
"329","Enoch","Ullrich"
"330","Lauriane","Lowe-Pfannerstill"
"331","Michel","VonRueden"
"332","Meggie","Kuhn"
"333","Rossie","Dooley"
"334","Delpha","Funk"
"335","Ryan","Adams"
"336","Jayson","Lakin"
"337","Viviane","Lesch"
"338","Archibald","Mayer"
"339","Hunter","Powlowski"
"340","Ward","Schmidt"
"341","Ernie","Bauch"
"342","Gertrude","Kertzmann"
"343","Domenick","Funk"
"344","Lilian","McLaughlin"
"345","Kathlyn","Purdy"
"346","Ramon","Dicki"
"347","Meda","Gutmann"
"348","Edmond","Parisian"
"349","Isac","Spencer"
"350","Krystal","Hintz"
"351","Aniya","Heidenreich"
"352","Madilyn","Quitzon"
"353","Maye","Ankunding"
"354","Ellis","Hilll"
"355","Florencio","Watsica"
"356","Camden","Cormier-Roob"
"357","Madelyn","Jacobs"
"358","Christ","Hessel"
"359","Iliana","Hegmann"
"360","Melvin","Wolff"
"361","Barton","White"
"362","Chaya","McDermott"
"363","Oran","Lind"
"364","Wilford","Jaskolski-Kessler"
"365","Martin","Rolfson"
"366","Carey","Okuneva"
"367","Marta","Blanda"
"368","Astrid","Gutkowski"
"369","Lilyan","Lind"
"370","Onie","Hickle"
"371","Marty","McCullough"
"372","Lorna","Hirthe"
"373","Brannon","Tillman"
"374","Gerson","Ebert"
"375","Herman","Gutmann"
"376","Euna","Jones"
"377","Zion","Keebler"
"378","Meaghan","Berge"
"379","Kenton","Greenfelder"
"380","Ralph","Huels"
"381","Hazel","Paucek"
"382","Vernon","Powlowski"
"383","Monserrate","Satterfield"
"384","Hershel","Harber"
"385","Dortha","Bosco"
"386","Muriel","Wiza"
"387","Heloise","Cronin"
"388","Olga","Hettinger"
"389","Rosalia","Waelchi"
"390","Lelia","Howe-Satterfield"
"391","Giovani","Zboncak"
"392","Horace","Heller"
"393","Ricky","Schiller"
"394","Douglas","Murphy"
"395","Muhammad","Kulas"
"396","Louie","Roberts"
"397","Shanny","Ernser-Dickens"
"398","Idell","Kunze"
"399","Grady","Towne"
"400","Matilde","Balistreri"
"401","Brisa","Monahan"
"402","Johanna","Bernier-Daugherty"
"403","Mohammed","Will"
"404","Patricia","Okuneva"
"405","Bridget","Homenick"
"406","Ona","McKenzie"
"407","Myrtis","Jerde"
"408","Oceane","Wehner"
"409","Muhammad","Walker"
"410","Deonte","Satterfield"
"411","Heber","Champlin"
"412","Nick","Grimes"
"413","Abigayle","Becker"
"414","Lester","Reilly"
"415","Braeden","Abbott"
"416","Shad","Gutmann"
"417","Connor","Baumbach"
"418","Eloy","Turner"
"419","Bianka","Nader"
"420","Vinnie","Mills"
"421","Jasmin","Jakubowski"
"422","Monte","Mayert"
"423","Taylor","Graham"
"424","Evalyn","O'Conner"
"425","Zachery","Sauer"
"426","Agustina","Maggio"
"427","Annabell","Hamill"
"428","Laila","Deckow"
"429","Baby","Treutel"
"430","Scotty","Fisher"
"431","Griffin","Hartmann"
"432","Thaddeus","Smitham"
"433","Karson","Blick-Hamill"
"434","Federico","Price"
"435","Camden","Pouros"
"436","Lexus","Tromp"
"437","Clay","Schmeler"
"438","Johnathan","Dibbert"
"439","Delbert","Yost-Mosciski"
"440","Donna","Erdman"
"441","Skye","Hettinger"
"442","Janet","Ritchie"
"443","Bria","Metz-Hagenes"
"444","Orpha","Auer"
"445","Leonora","Stroman"
"446","Giuseppe","Champlin"
"447","Karl","Jast"
"448","Orrin","Wolf"
"449","Archibald","Rodriguez"
"450","Haylie","Lesch"
"451","Kasandra","Hirthe"
"452","Casimer","Bashirian"
"453","Jamey","Rolfson"
"454","Stanford","Labadie"
"455","Alanna","Moen"
"456","Kellie","Kulas"
"457","Aditya","Beier"
"458","Elva","Schowalter"
"459","Lelia","Pfeffer"
"460","Jameson","Kirlin"
"461","Raven","Pfeffer"
"462","Edythe","Cole"
"463","Georgianna","Hackett"
"464","Burdette","Haley"
"465","June","Bode"
"466","Carmela","Hickle"
"467","Lindsey","Hermann"
"468","Jaden","Kautzer"
"469","Forrest","Crooks"
"470","Adrien","Keebler"
"471","Adrianna","Douglas-Schmidt"
"472","Viviane","Labadie"
"473","Wilhelm","Armstrong"
"474","Rowan","Weber"
"475","Lauryn","Schuppe"
"476","Kale","Herzog"
"477","Columbus","Kuhic"
"478","Burnice","Monahan"
"479","Elaina","Crooks"
"480","Enrico","Hayes"
"481","Delia","MacGyver-Stark"
"482","Jeff","Marvin"
"483","Sean","Farrell"
"484","Brian","Larson"
"485","Jena","Abbott"
"486","Rowan","Davis"
"487","Marjory","Hackett-Runolfsson"
"488","Jairo","Farrell"
"489","Julien","Deckow"
"490","Isobel","Treutel"
"491","Houston","O'Conner"
"492","Yazmin","Barton"
"493","Isom","Doyle"
"494","Keanu","Abshire"
"495","Bridgette","Stamm"
"496","Naomi","Kerluke"
"497","Damian","Bailey"
"498","Jaylin","Corkery"
"499","Bert","Dickinson"
"500","Jovani","Nienow"
"501","Brenda","Smitham"
"502","Ariane","Daniel"
"503","Shayna","Glover"
"504","Vladimir","Baumbach"
"505","Gilda","Abshire"
"506","Osvaldo","Rempel"
"507","Michel","Mitchell"
"508","Rosemarie","Rohan"
"509","Timothy","Hermann"
"510","Lauryn","Collins"
"511","Fae","Heathcote"
"512","Raphael","Bernhard"
"513","Octavia","Zemlak"
"514","Dina","Parker"
"515","Gardner","Gutmann"
"516","Heber","Friesen"
"517","Brice","Kerluke"
"518","Dustin","Hand"
"519","Elissa","Wolff"
"520","Dulce","O'Hara"
"521","Joanie","Cruickshank"
"522","Linda","McDermott"
"523","Otha","Tillman-Klocko"
"524","Madisyn","Schaefer"
"525","Desmond","Purdy"
"526","Aglae","Kovacek"
"527","Omer","Anderson"
"528","Lew","Ebert"
"529","Marie","Baumbach-Douglas"
"530","Ollie","Price"
"531","Vaughn","Osinski"
"532","Roma","Johnston"
"533","Vince","Swaniawski"
"534","Laila","Dooley"
"535","Ramona","Orn"
"536","Keven","Schultz"
"537","Chandler","Botsford"
"538","Leopoldo","Casper"
"539","Dawson","Jerde"
"540","Gina","Pagac"
"541","Jewel","O'Hara"
"542","Rahsaan","Hilpert"
"543","Deonte","Nolan"
"544","Michelle","Mayer"
"545","Larue","Rohan"
"546","Keven","Leffler-Halvorson"
"547","Larissa","Hermann"
"548","Micaela","Schneider"
"549","Kylie","Hartmann"
"550","Katelin","O'Connell"
"551","Vincent","Thompson"
"552","Kitty","Reichert"
"553","Merritt","Nikolaus"
"554","Alek","Haag"
"555","Rosalee","Heathcote"
"556","Lourdes","Lehner"
"557","Cecil","Kutch"
"558","Adrienne","Johnston"
"559","Melissa","VonRueden"
"560","Donna","Kuhlman"
"561","Vicky","Cruickshank"
"562","Jarvis","Armstrong"
"563","Susan","Okuneva"
"564","Estevan","Willms"
"565","Josephine","Hegmann"
"566","Sammie","Wilderman"
"567","Jarrod","Schumm"
"568","Joaquin","Huels"
"569","Edgardo","Hamill"
"570","Arthur","Hagenes"
"571","Margarette","Funk"
"572","Johnnie","Lehner"
"573","Davonte","Emmerich"
"574","Brielle","Jones"
"575","Bradley","Lindgren"
"576","Javon","Howell"
"577","Gail","Kuvalis"
"578","Emil","Walter"
"579","Shannon","Hills"
"580","Alice","Conn"
"581","Eliane","Haley"
"582","Friedrich","Hilpert"
"583","Berneice","Prosacco"
"584","Maximo","Hagenes"
"585","Alvena","Krajcik"
"586","Coby","Fay"
"587","Lina","Klocko"
"588","Alysson","Crona"
"589","Christelle","Toy"
"590","Jefferey","Mraz"
"591","Grayce","Hettinger-Effertz"
"592","Makayla","Kreiger"
"593","Malinda","Conroy"
"594","Bette","Cummerata"
"595","Verlie","Heller"
"596","Krystal","Upton"
"597","Derick","Lebsack"
"598","Don","Kling"
"599","Delia","Goodwin"
"600","Chance","Reinger"
"601","Sally","Schulist"
"602","Zetta","Monahan"
"603","Ramona","Glover"
"604","Jo","Roberts"
"605","Adrian","Kuhic"
"606","Orin","Beahan"
"607","Erin","Mohr"
"608","Bernita","O'Reilly"
"609","Alisa","Kerluke"
"610","Myron","Bogisich-Emard"
"611","Bart","Christiansen"
"612","Elian","Wyman"
"613","Duane","Parker"
"614","Ada","Franecki-Emard"
"615","Jared","Cremin"
"616","Jerome","Bayer"
"617","Amina","Dicki"
"618","Keshawn","Bahringer"
"619","Fabian","Jerde"
"620","Madelynn","Little"
"621","Bonita","Blick"
"622","Jace","Strosin"
"623","Winnifred","Maggio"
"624","Elsie","Connelly"
"625","Price","Harvey"
"626","Albina","Kuhic"
"627","Flavie","Abernathy"
"628","Jayme","Klein"
"629","Dillan","Rohan"
"630","Lindsey","Jaskolski"
"631","Marilyne","Quitzon-Medhurst"
"632","Samson","Ortiz"
"633","Esther","Ullrich"
"634","Zelma","Witting"
"635","Daphnee","Kuhlman"
"636","Alverta","Douglas"
"637","Rigoberto","Wiegand"
"638","Alejandra","Goyette"
"639","Jude","Dickens"
"640","Arnaldo","Lynch"
"641","Jayme","Runolfsdottir"
"642","Lora","Davis"
"643","Gus","Towne"
"644","Lamont","Dickinson-Gerhold"
"645","Melody","Christiansen"
"646","Roy","Hudson"
"647","Minerva","Zieme"
"648","Merritt","Gottlieb"
"649","Robert","Kuhn"
"650","Jarrell","Hoppe"
"651","Cassandre","Hayes"
"652","Clemmie","Kessler"
"653","Immanuel","White"
"654","Henderson","Hermann"
"655","Jamil","Jakubowski"
"656","Jacquelyn","Wisoky"
"657","Shany","Funk"
"658","Aliyah","Purdy"
"659","Jayme","Rempel"
"660","Dixie","Luettgen"
"661","Joey","Bartoletti"
"662","Myrtice","Mills"
"663","Megane","Lockman"
"664","Xander","Rippin"
"665","Deanna","Schoen"
"666","Tyreek","Barrows"
"667","Charity","Kling"
"668","Felicita","Bashirian"
"669","Fiona","Mante"
"670","Xavier","Satterfield"
"671","Marcella","Schmidt"
"672","Julius","Langworth"
"673","Una","Beier"
"674","Dustin","Spencer"
"675","Santa","Sporer"
"676","Nicola","Hoeger"
"677","Patrick","Oberbrunner"
"678","Jamir","Dickens"
"679","Mina","Williamson"
"680","Ignacio","Treutel"
"681","Roxanne","Pfeffer"
"682","Lloyd","Block"
"683","Angelica","Graham"
"684","Mikel","Kassulke"
"685","Conrad","Heidenreich"
"686","Roman","Walker"
"687","Nicklaus","Olson"
"688","Carissa","Okuneva"
"689","Della","Runolfsdottir"
"690","Royal","Wunsch"
"691","Kianna","Carter"
"692","Amos","Ankunding"
"693","Mateo","Tromp"
"694","Cody","Gutkowski"
"695","Carissa","Quitzon"
"696","Christian","Tremblay"
"697","Isadore","Mills"
"698","Willy","Jacobson"
"699","Amina","McClure"
"700","Casandra","Durgan"
"701","Fae","Anderson"
"702","Friedrich","Macejkovic"
"703","Alessandro","Schmeler"
"704","Mertie","Wuckert"
"705","Okey","Murphy"
"706","Nels","Kovacek"
"707","Marie","Smith"
"708","Major","Effertz"
"709","Richmond","Collins"
"710","Hilma","Botsford"
"711","Nico","West"
"712","Mya","Baumbach"
"713","Geoffrey","Dibbert"
"714","Virginie","Murazik"
"715","Tito","Torphy"
"716","Tom","Osinski"
"717","Amelia","Rutherford"
"718","Nia","Herzog"
"719","Emmalee","Jacobson"
"720","Frida","Johnston"
"721","Rodrick","Borer"
"722","Brad","Wilderman"
"723","Tyra","Treutel"
"724","Hank","Bernhard"
"725","Kane","Feest"
"726","Sabina","Runolfsson-Casper"
"727","Giovanni","Donnelly"
"728","Jakob","Krajcik"
"729","Carley","Douglas"
"730","Frank","Gusikowski"
"731","Bernard","Schmeler"
"732","Sunny","Ferry"
"733","Adele","Schneider"
"734","Dorcas","Smitham"
"735","Martina","Sawayn"
"736","Collin","Lakin"
"737","Effie","Deckow"
"738","Kelli","Fadel"
"739","Alexandro","Funk"
"740","Ignacio","Corwin"
"741","Alex","Krajcik"
"742","Beryl","Ryan"
"743","Barton","Kerluke"
"744","Kade","Deckow"
"745","Saige","Thiel"
"746","Judah","Ernser"
"747","Helene","Dare"
"748","Kyleigh","Schuppe"
"749","Vaughn","Gislason"
"750","Issac","Pfannerstill"
"751","Scarlett","Schinner"
"752","Bradly","Muller"
"753","Ashleigh","Hammes"
"754","Dangelo","Schaefer"
"755","Clay","Weber"
"756","Natasha","Moore"
"757","Barbara","Hills"
"758","Burnice","Zulauf"
"759","Lonie","Cassin"
"760","Demarcus","Prohaska"
"761","Gunner","Cartwright"
"762","Michelle","Hegmann"
"763","Pearline","Swift"
"764","Jacquelyn","Blick"
"765","Romaine","Botsford"
"766","Zora","Lemke"
"767","Kole","Franey"
"768","Arno","Gulgowski"
"769","Adrain","Borer"
"770","Verdie","Franey"
"771","Rashad","Rohan"
"772","Trevion","Turcotte"
"773","Georgette","Lind"
"774","Lonzo","Schneider"
"775","Velva","Gottlieb"
"776","Sydney","Moore"
"777","Robin","Wunsch"
"778","Emilio","Reichel"
"779","Christelle","Hermiston"
"780","Golden","Schinner"
"781","Luna","Wintheiser"
"782","Audrey","Keebler"
"783","Elta","Nicolas"
"784","Joyce","Torp"
"785","Tony","Ritchie"
"786","Kaleb","Johnson"
"787","Derick","Predovic"
"788","Valentin","Wuckert"
"789","Imani","Kessler"
"790","Reece","Stiedemann"
"791","Wilson","Zemlak"
"792","Lelia","Upton"
"793","Loma","Schmidt"
"794","Stella","Kihn"
"795","Bridgette","McCullough"
"796","Gladys","Jenkins-Rempel"
"797","Talon","Jast"
"798","Bethany","Kihn"
"799","Rosetta","Mante"
"800","Muriel","Gutkowski"
"801","Norris","Murazik"
"802","Augusta","Yundt"
"803","Selena","Durgan"
"804","Jake","Durgan"
"805","Zachary","Larkin"
"806","Alyson","Lakin"
"807","Jamey","Paucek"
"808","Marlen","Hamill"
"809","Phoebe","Kuhlman"
"810","Joshua","Altenwerth"
"811","Caitlyn","Kiehn-Senger"
"812","Haley","Jaskolski"
"813","Kaylah","Greenholt"
"814","Price","Rogahn"
"815","Mariane","Feil"
"816","Tristin","Franecki"
"817","Jermain","Lehner"
"818","Hope","Harris-Thompson"
"819","Colt","Balistreri"
"820","Johann","Feeney"
"821","Sabina","Mann"
"822","Paige","Schoen"
"823","Joel","Hauck"
"824","Jerome","Borer"
"825","Winston","Kiehn"
"826","Jadon","Stroman"
"827","Omari","Kunze"
"828","Griffin","Schaefer"
"829","Zola","Gerlach"
"830","Larue","Turcotte-Romaguera"
"831","Lauren","Schroeder"
"832","Rico","Hansen"
"833","Marquise","McGlynn"
"834","Taylor","Hansen"
"835","Kristopher","Koss"
"836","Alda","Hoeger"
"837","Alexandre","Strosin"
"838","Moises","Price"
"839","Reynold","Lakin"
"840","Keith","Bartoletti"
"841","Jeff","Koch"
"842","Loren","Russel"
"843","Cristobal","Hermann"
"844","Daija","Kuphal"
"845","Rodolfo","Conn"
"846","Graciela","Kub-Reinger"
"847","Colt","Harvey"
"848","Harley","Gottlieb"
"849","Delphine","VonRueden"
"850","Althea","Okuneva"
"851","Tony","Willms"
"852","Myrtice","Witting"
"853","Shayna","Schinner"
"854","Lina","Hermiston"
"855","Ladarius","O'Reilly"
"856","Kirstin","Jenkins"
"857","Nelson","Marvin"
"858","Janis","Runte"
"859","Leif","Shanahan"
"860","Jacques","Turcotte"
"861","Royal","Powlowski"
"862","River","Senger"
"863","Joanne","Pollich"
"864","Lottie","Kuvalis"
"865","Edwardo","O'Keefe"
"866","Rodolfo","Casper"
"867","Billie","Braun"
"868","Antone","Pacocha"
"869","Nola","Streich"
"870","Cleta","Schmeler"
"871","Regan","Kilback"
"872","Althea","Altenwerth"
"873","Forrest","Dooley"
"874","Maryam","Leannon"
"875","Lexi","Stracke"
"876","Eloy","King"
"877","Marcus","Bergstrom"
"878","Dandre","Windler"
"879","Coralie","Fay"
"880","Lorna","Swift"
"881","Mina","Fritsch"
"882","Reagan","Johns"
"883","Joey","Rodriguez"
"884","Mayra","Ferry"
"885","Nona","McCullough"
"886","Alexandra","Halvorson"
"887","Brionna","Bernier"
"888","Clement","Strosin"
"889","Paul","Ward-Veum"
"890","Kirsten","Sporer"
"891","Elda","Thiel"
"892","Jannie","Volkman"
"893","Lewis","Witting"
"894","Elyse","Zulauf"
"895","Clara","Greenfelder"
"896","Eldon","Tremblay"
"897","Robin","Williamson"
"898","Burnice","Miller"
"899","Gabriella","Reichel"
"900","Devante","Parker"
"901","Ferne","Hills"
"902","Mariah","Ortiz"
"903","Cielo","Schaden"
"904","Rudy","Legros"
"905","Alysson","Shields"
"906","Maya","Grant"
"907","Howard","Schinner"
"908","Braden","Howell"
"909","Abbie","Kemmer"
"910","Josephine","O'Reilly"
"911","Kiana","Keeling"
"912","Heloise","Beier"
"913","Greg","Beatty"
"914","Dawson","Buckridge"
"915","Eliezer","Koch"
"916","Hipolito","Rohan"
"917","Lucius","Haag"
"918","Murphy","Cronin"
"919","Kianna","Kub"
"920","Anika","Conroy"
"921","Javon","Rath"
"922","Kassandra","Kihn"
"923","Kattie","Conroy"
"924","Green","Herzog"
"925","Leonard","Rau"
"926","Laura","Smith"
"927","Keenan","Braun"
"928","Adolph","West"
"929","Edgar","Schaefer"
"930","Wilfredo","Hodkiewicz"
"931","Victoria","Kiehn"
"932","Camryn","Kling"
"933","Ruthie","Legros"
"934","Alfonzo","Prohaska"
"935","Jamie","Stanton"
"936","Savanah","Bogan"
"937","Bret","Waters"
"938","Jalen","Labadie"
"939","Demarcus","Jenkins"
"940","Issac","Kirlin"
"941","Emiliano","Mosciski"
"942","Carolanne","Lang"
"943","Kasey","D'Amore"
"944","Johnathon","Dach"
"945","Alena","Lindgren"
"946","Eladio","Becker"
"947","Robert","Labadie"
"948","Elijah","Bosco"
"949","Anastasia","Flatley"
"950","Lafayette","Schneider"
"951","Finn","Jones"
"952","Abe","Bernhard"
"953","Janelle","Legros"
"954","Madyson","Rosenbaum"
"955","Carolyn","Bernhard"
"956","Colton","O'Conner"
"957","Addison","Bogan"
"958","Elias","Ward"
"959","Oran","Oberbrunner"
"960","Mark","Waelchi"
"961","Porter","Lehner"
"962","Ethelyn","Schultz"
"963","Agnes","Macejkovic"
"964","Vena","Stehr"
"965","Lincoln","Watsica"
"966","Shanny","Weber"
"967","Emil","Kemmer"
"968","Missouri","Conn-Balistreri"
"969","Shaylee","Lebsack"
"970","Shemar","Schamberger"
"971","Laurence","Bartell"
"972","Heaven","Bogan"
"973","Korbin","Towne"
"974","Micah","Feest"
"975","Carmelo","Bechtelar"
"976","Mitchell","Jakubowski"
"977","Arely","Sipes"
"978","Veda","Walker"
"979","Albin","Dickens"
"980","Jarrell","Nader"
"981","Paula","Casper"
"982","Gail","Beahan"
"983","Jaleel","Swift"
"984","Norberto","Hoppe"
"985","Aurelie","Auer"
"986","Brooke","Erdman"
"987","Dayana","Runte"
"988","Brock","Bode"
"989","Arturo","Senger"
"990","Heloise","Dickinson-Cremin"
"991","Ericka","Schuster"
"992","Baby","Kreiger"
"993","Alice","Murray"
"994","Lincoln","Hammes"
"995","Layne","Roberts"
"996","Concepcion","Klein"
"997","Orlo","Bosco"
"998","Betsy","Dicki"
"999","Brigitte","Rosenbaum"
"1000","Emmanuel","Vandervort"
