id:END_ID(Manus),author_id:START_ID(Actor),year:IGNORE,:TYPE
"1","678","1975","HAS_WRITTEN"
"2","938","1994","HAS_WRITTEN"
"3","417","2012","HAS_WRITTEN"
"4","454","1982","HAS_WRITTEN"
"5","395","1975","HAS_WRITTEN"
"6","752","2000","HAS_WRITTEN"
"7","367","1985","HAS_WRITTEN"
"8","347","1995","HAS_WRITTEN"
"9","616","1991","HAS_WRITTEN"
"10","879","2003","HAS_WRITTEN"
"11","71","2007","HAS_WRITTEN"
"12","955","1998","HAS_WRITTEN"
"13","390","1987","HAS_WRITTEN"
"14","549","1976","HAS_WRITTEN"
"15","603","2020","HAS_WRITTEN"
"16","772","1990","HAS_WRITTEN"
"17","474","2016","HAS_WRITTEN"
"18","427","1992","HAS_WRITTEN"
"19","625","1982","HAS_WRITTEN"
"20","737","2017","HAS_WRITTEN"
"21","832","1979","HAS_WRITTEN"
"22","997","1983","HAS_WRITTEN"
"23","204","2001","HAS_WRITTEN"
"24","973","2017","HAS_WRITTEN"
"25","984","1975","HAS_WRITTEN"
"26","847","1980","HAS_WRITTEN"
"27","117","1988","HAS_WRITTEN"
"28","775","2018","HAS_WRITTEN"
"29","26","1978","HAS_WRITTEN"
"30","422","1978","HAS_WRITTEN"
"31","1","1977","HAS_WRITTEN"
"32","961","1989","HAS_WRITTEN"
"33","956","2019","HAS_WRITTEN"
"34","534","2016","HAS_WRITTEN"
"35","560","1977","HAS_WRITTEN"
"36","108","2001","HAS_WRITTEN"
"37","864","1992","HAS_WRITTEN"
"38","439","1992","HAS_WRITTEN"
"39","344","2017","HAS_WRITTEN"
"40","857","2013","HAS_WRITTEN"
"41","939","2010","HAS_WRITTEN"
"42","287","2011","HAS_WRITTEN"
"43","648","2002","HAS_WRITTEN"
"44","550","1980","HAS_WRITTEN"
"45","187","1989","HAS_WRITTEN"
"46","306","2000","HAS_WRITTEN"
"47","96","2003","HAS_WRITTEN"
"48","610","2023","HAS_WRITTEN"
"49","370","1985","HAS_WRITTEN"
"50","675","1984","HAS_WRITTEN"
"51","689","1994","HAS_WRITTEN"
"52","892","2023","HAS_WRITTEN"
"53","3","2008","HAS_WRITTEN"
"54","938","1990","HAS_WRITTEN"
"55","786","2011","HAS_WRITTEN"
"56","625","1994","HAS_WRITTEN"
"57","913","1999","HAS_WRITTEN"
"58","150","1990","HAS_WRITTEN"
"59","920","1998","HAS_WRITTEN"
"60","564","2022","HAS_WRITTEN"
"61","96","2022","HAS_WRITTEN"
"62","689","2005","HAS_WRITTEN"
"63","176","1979","HAS_WRITTEN"
"64","667","1997","HAS_WRITTEN"
"65","931","2009","HAS_WRITTEN"
"66","432","1999","HAS_WRITTEN"
"67","50","1989","HAS_WRITTEN"
"68","77","1979","HAS_WRITTEN"
"69","748","2013","HAS_WRITTEN"
"70","25","1990","HAS_WRITTEN"
"71","321","1978","HAS_WRITTEN"
"72","321","2009","HAS_WRITTEN"
"73","872","2015","HAS_WRITTEN"
"74","640","1984","HAS_WRITTEN"
"75","8","2014","HAS_WRITTEN"
"76","594","1992","HAS_WRITTEN"
"77","837","1990","HAS_WRITTEN"
"78","917","2016","HAS_WRITTEN"
"79","613","1980","HAS_WRITTEN"
"80","178","1990","HAS_WRITTEN"
"81","967","1999","HAS_WRITTEN"
"82","69","1998","HAS_WRITTEN"
"83","364","2020","HAS_WRITTEN"
"84","166","1977","HAS_WRITTEN"
"85","56","1986","HAS_WRITTEN"
"86","885","1984","HAS_WRITTEN"
"87","339","2013","HAS_WRITTEN"
"88","756","2021","HAS_WRITTEN"
"89","873","2019","HAS_WRITTEN"
"90","548","1997","HAS_WRITTEN"
"91","716","1985","HAS_WRITTEN"
"92","826","1997","HAS_WRITTEN"
"93","496","2010","HAS_WRITTEN"
"94","946","2021","HAS_WRITTEN"
"95","187","1977","HAS_WRITTEN"
"96","247","1995","HAS_WRITTEN"
"97","982","2019","HAS_WRITTEN"
"98","376","2007","HAS_WRITTEN"
"99","305","2005","HAS_WRITTEN"
"100","106","1999","HAS_WRITTEN"
"101","142","2012","HAS_WRITTEN"
"102","133","2007","HAS_WRITTEN"
"103","450","2016","HAS_WRITTEN"
"104","527","2023","HAS_WRITTEN"
"105","647","1981","HAS_WRITTEN"
"106","252","2011","HAS_WRITTEN"
"107","866","2011","HAS_WRITTEN"
"108","985","2005","HAS_WRITTEN"
"109","931","2012","HAS_WRITTEN"
"110","658","2018","HAS_WRITTEN"
"111","477","2013","HAS_WRITTEN"
"112","827","1983","HAS_WRITTEN"
"113","821","1984","HAS_WRITTEN"
"114","218","2006","HAS_WRITTEN"
"115","297","1996","HAS_WRITTEN"
"116","239","1992","HAS_WRITTEN"
"117","294","2003","HAS_WRITTEN"
"118","669","2023","HAS_WRITTEN"
"119","856","1988","HAS_WRITTEN"
"120","834","1999","HAS_WRITTEN"
"121","365","2004","HAS_WRITTEN"
"122","165","1980","HAS_WRITTEN"
"123","684","2000","HAS_WRITTEN"
"124","756","1993","HAS_WRITTEN"
"125","372","1991","HAS_WRITTEN"
"126","39","1975","HAS_WRITTEN"
"127","316","2004","HAS_WRITTEN"
"128","913","1982","HAS_WRITTEN"
"129","700","1999","HAS_WRITTEN"
"130","581","1996","HAS_WRITTEN"
"131","538","2015","HAS_WRITTEN"
"132","207","2021","HAS_WRITTEN"
"133","891","1991","HAS_WRITTEN"
"134","446","1980","HAS_WRITTEN"
"135","404","2003","HAS_WRITTEN"
"136","652","1991","HAS_WRITTEN"
"137","441","1984","HAS_WRITTEN"
"138","884","1986","HAS_WRITTEN"
"139","360","1993","HAS_WRITTEN"
"140","56","2017","HAS_WRITTEN"
"141","720","1987","HAS_WRITTEN"
"142","847","1999","HAS_WRITTEN"
"143","248","2008","HAS_WRITTEN"
"144","527","2017","HAS_WRITTEN"
"145","284","2020","HAS_WRITTEN"
"146","719","1979","HAS_WRITTEN"
"147","111","2023","HAS_WRITTEN"
"148","97","2023","HAS_WRITTEN"
"149","567","1978","HAS_WRITTEN"
"150","689","2002","HAS_WRITTEN"
"151","908","1975","HAS_WRITTEN"
"152","988","1996","HAS_WRITTEN"
"153","95","2011","HAS_WRITTEN"
"154","586","1996","HAS_WRITTEN"
"155","84","1985","HAS_WRITTEN"
"156","140","2018","HAS_WRITTEN"
"157","75","1975","HAS_WRITTEN"
"158","301","1994","HAS_WRITTEN"
"159","531","1982","HAS_WRITTEN"
"160","323","2018","HAS_WRITTEN"
"161","566","1987","HAS_WRITTEN"
"162","351","1989","HAS_WRITTEN"
"163","566","2001","HAS_WRITTEN"
"164","672","2004","HAS_WRITTEN"
"165","709","2014","HAS_WRITTEN"
"166","553","1999","HAS_WRITTEN"
"167","443","2022","HAS_WRITTEN"
"168","231","2016","HAS_WRITTEN"
"169","559","1980","HAS_WRITTEN"
"170","915","2000","HAS_WRITTEN"
"171","643","1989","HAS_WRITTEN"
"172","445","1988","HAS_WRITTEN"
"173","857","2014","HAS_WRITTEN"
"174","924","2019","HAS_WRITTEN"
"175","442","1990","HAS_WRITTEN"
"176","755","2002","HAS_WRITTEN"
"177","879","1996","HAS_WRITTEN"
"178","238","1976","HAS_WRITTEN"
"179","899","1998","HAS_WRITTEN"
"180","579","2004","HAS_WRITTEN"
"181","980","2007","HAS_WRITTEN"
"182","445","1999","HAS_WRITTEN"
"183","299","1999","HAS_WRITTEN"
"184","1","2011","HAS_WRITTEN"
"185","257","1987","HAS_WRITTEN"
"186","12","1984","HAS_WRITTEN"
"187","280","2005","HAS_WRITTEN"
"188","756","2010","HAS_WRITTEN"
"189","217","1984","HAS_WRITTEN"
"190","392","1983","HAS_WRITTEN"
"191","749","1991","HAS_WRITTEN"
"192","452","1991","HAS_WRITTEN"
"193","209","1995","HAS_WRITTEN"
"194","560","2022","HAS_WRITTEN"
"195","317","2023","HAS_WRITTEN"
"196","759","2012","HAS_WRITTEN"
"197","102","1975","HAS_WRITTEN"
"198","541","1986","HAS_WRITTEN"
"199","593","1987","HAS_WRITTEN"
"200","997","2023","HAS_WRITTEN"
"201","998","1995","HAS_WRITTEN"
"202","22","1976","HAS_WRITTEN"
"203","833","2015","HAS_WRITTEN"
"204","323","1997","HAS_WRITTEN"
"205","739","2015","HAS_WRITTEN"
"206","135","1989","HAS_WRITTEN"
"207","66","1995","HAS_WRITTEN"
"208","916","1999","HAS_WRITTEN"
"209","390","2008","HAS_WRITTEN"
"210","459","1986","HAS_WRITTEN"
"211","108","2013","HAS_WRITTEN"
"212","710","1981","HAS_WRITTEN"
"213","759","1989","HAS_WRITTEN"
"214","440","2020","HAS_WRITTEN"
"215","757","2021","HAS_WRITTEN"
"216","467","2013","HAS_WRITTEN"
"217","95","2000","HAS_WRITTEN"
"218","888","1977","HAS_WRITTEN"
"219","503","2005","HAS_WRITTEN"
"220","970","2005","HAS_WRITTEN"
"221","679","2002","HAS_WRITTEN"
"222","919","1993","HAS_WRITTEN"
"223","807","2018","HAS_WRITTEN"
"224","666","2016","HAS_WRITTEN"
"225","865","2009","HAS_WRITTEN"
"226","796","1976","HAS_WRITTEN"
"227","179","2002","HAS_WRITTEN"
"228","609","2009","HAS_WRITTEN"
"229","795","1996","HAS_WRITTEN"
"230","567","2003","HAS_WRITTEN"
"231","681","2015","HAS_WRITTEN"
"232","683","2016","HAS_WRITTEN"
"233","450","2012","HAS_WRITTEN"
"234","650","2005","HAS_WRITTEN"
"235","958","1980","HAS_WRITTEN"
"236","531","2020","HAS_WRITTEN"
"237","180","2001","HAS_WRITTEN"
"238","893","2013","HAS_WRITTEN"
"239","681","2021","HAS_WRITTEN"
"240","883","1986","HAS_WRITTEN"
"241","141","2011","HAS_WRITTEN"
"242","180","1998","HAS_WRITTEN"
"243","743","2014","HAS_WRITTEN"
"244","700","2018","HAS_WRITTEN"
"245","284","2022","HAS_WRITTEN"
"246","74","1997","HAS_WRITTEN"
"247","206","1997","HAS_WRITTEN"
"248","870","2020","HAS_WRITTEN"
"249","448","1986","HAS_WRITTEN"
"250","825","1995","HAS_WRITTEN"
"251","680","1991","HAS_WRITTEN"
"252","34","1979","HAS_WRITTEN"
"253","373","1995","HAS_WRITTEN"
"254","675","2023","HAS_WRITTEN"
"255","184","1985","HAS_WRITTEN"
"256","750","2005","HAS_WRITTEN"
"257","495","2012","HAS_WRITTEN"
"258","27","2020","HAS_WRITTEN"
"259","645","1997","HAS_WRITTEN"
"260","161","2006","HAS_WRITTEN"
"261","113","1988","HAS_WRITTEN"
"262","835","2003","HAS_WRITTEN"
"263","834","1976","HAS_WRITTEN"
"264","409","1983","HAS_WRITTEN"
"265","670","2023","HAS_WRITTEN"
"266","351","1983","HAS_WRITTEN"
"267","211","2008","HAS_WRITTEN"
"268","89","2006","HAS_WRITTEN"
"269","218","2006","HAS_WRITTEN"
"270","899","1986","HAS_WRITTEN"
"271","896","1995","HAS_WRITTEN"
"272","396","1980","HAS_WRITTEN"
"273","620","1997","HAS_WRITTEN"
"274","729","1980","HAS_WRITTEN"
"275","360","2020","HAS_WRITTEN"
"276","59","2023","HAS_WRITTEN"
"277","119","2020","HAS_WRITTEN"
"278","255","1986","HAS_WRITTEN"
"279","178","2020","HAS_WRITTEN"
"280","840","1987","HAS_WRITTEN"
"281","595","2018","HAS_WRITTEN"
"282","359","2000","HAS_WRITTEN"
"283","189","1982","HAS_WRITTEN"
"284","584","2020","HAS_WRITTEN"
"285","676","1981","HAS_WRITTEN"
"286","746","2001","HAS_WRITTEN"
"287","894","1990","HAS_WRITTEN"
"288","782","1981","HAS_WRITTEN"
"289","769","1998","HAS_WRITTEN"
"290","132","2004","HAS_WRITTEN"
"291","627","1977","HAS_WRITTEN"
"292","414","2013","HAS_WRITTEN"
"293","202","2003","HAS_WRITTEN"
"294","301","2007","HAS_WRITTEN"
"295","532","1977","HAS_WRITTEN"
"296","105","1988","HAS_WRITTEN"
"297","989","1983","HAS_WRITTEN"
"298","158","1993","HAS_WRITTEN"
"299","787","1987","HAS_WRITTEN"
"300","837","2002","HAS_WRITTEN"
"301","591","1976","HAS_WRITTEN"
"302","138","1998","HAS_WRITTEN"
"303","857","1991","HAS_WRITTEN"
"304","293","1979","HAS_WRITTEN"
"305","203","2017","HAS_WRITTEN"
"306","705","1986","HAS_WRITTEN"
"307","978","2020","HAS_WRITTEN"
"308","354","1991","HAS_WRITTEN"
"309","791","1975","HAS_WRITTEN"
"310","605","1991","HAS_WRITTEN"
"311","326","1985","HAS_WRITTEN"
"312","557","2006","HAS_WRITTEN"
"313","481","1975","HAS_WRITTEN"
"314","508","2006","HAS_WRITTEN"
"315","236","2002","HAS_WRITTEN"
"316","403","1997","HAS_WRITTEN"
"317","217","2011","HAS_WRITTEN"
"318","303","2007","HAS_WRITTEN"
"319","418","1996","HAS_WRITTEN"
"320","266","1988","HAS_WRITTEN"
"321","546","2005","HAS_WRITTEN"
"322","827","2007","HAS_WRITTEN"
"323","774","1983","HAS_WRITTEN"
"324","837","2001","HAS_WRITTEN"
"325","858","1995","HAS_WRITTEN"
"326","519","2015","HAS_WRITTEN"
"327","261","2021","HAS_WRITTEN"
"328","880","1989","HAS_WRITTEN"
"329","390","2005","HAS_WRITTEN"
"330","666","1987","HAS_WRITTEN"
"331","111","1997","HAS_WRITTEN"
"332","448","1983","HAS_WRITTEN"
"333","691","1987","HAS_WRITTEN"
"334","628","1998","HAS_WRITTEN"
"335","170","2012","HAS_WRITTEN"
"336","950","1996","HAS_WRITTEN"
"337","126","2002","HAS_WRITTEN"
"338","139","1985","HAS_WRITTEN"
"339","280","2012","HAS_WRITTEN"
"340","741","1997","HAS_WRITTEN"
"341","18","2009","HAS_WRITTEN"
"342","201","2009","HAS_WRITTEN"
"343","199","1977","HAS_WRITTEN"
"344","962","1992","HAS_WRITTEN"
"345","77","2017","HAS_WRITTEN"
"346","838","2023","HAS_WRITTEN"
"347","279","1983","HAS_WRITTEN"
"348","148","1975","HAS_WRITTEN"
"349","740","1985","HAS_WRITTEN"
"350","638","1994","HAS_WRITTEN"
"351","498","1995","HAS_WRITTEN"
"352","279","1986","HAS_WRITTEN"
"353","220","1977","HAS_WRITTEN"
"354","183","1984","HAS_WRITTEN"
"355","417","1983","HAS_WRITTEN"
"356","654","2007","HAS_WRITTEN"
"357","678","1988","HAS_WRITTEN"
"358","158","2012","HAS_WRITTEN"
"359","362","1995","HAS_WRITTEN"
"360","330","1975","HAS_WRITTEN"
"361","402","1996","HAS_WRITTEN"
"362","291","2012","HAS_WRITTEN"
"363","796","2007","HAS_WRITTEN"
"364","834","2003","HAS_WRITTEN"
"365","678","1998","HAS_WRITTEN"
"366","366","2014","HAS_WRITTEN"
"367","108","2012","HAS_WRITTEN"
"368","1000","1984","HAS_WRITTEN"
"369","711","1977","HAS_WRITTEN"
"370","228","2021","HAS_WRITTEN"
"371","999","1985","HAS_WRITTEN"
"372","62","2017","HAS_WRITTEN"
"373","652","1992","HAS_WRITTEN"
"374","984","1993","HAS_WRITTEN"
"375","115","2011","HAS_WRITTEN"
"376","335","2008","HAS_WRITTEN"
"377","335","1991","HAS_WRITTEN"
"378","217","2016","HAS_WRITTEN"
"379","421","2014","HAS_WRITTEN"
"380","368","1999","HAS_WRITTEN"
"381","84","2009","HAS_WRITTEN"
"382","992","2019","HAS_WRITTEN"
"383","893","1979","HAS_WRITTEN"
"384","744","1978","HAS_WRITTEN"
"385","462","2011","HAS_WRITTEN"
"386","649","2003","HAS_WRITTEN"
"387","781","1991","HAS_WRITTEN"
"388","948","2004","HAS_WRITTEN"
"389","904","2006","HAS_WRITTEN"
"390","375","2011","HAS_WRITTEN"
"391","505","2008","HAS_WRITTEN"
"392","467","2019","HAS_WRITTEN"
"393","810","2019","HAS_WRITTEN"
"394","158","1988","HAS_WRITTEN"
"395","539","2014","HAS_WRITTEN"
"396","363","2018","HAS_WRITTEN"
"397","464","1985","HAS_WRITTEN"
"398","31","2001","HAS_WRITTEN"
"399","839","1976","HAS_WRITTEN"
"400","948","2021","HAS_WRITTEN"
"401","624","1984","HAS_WRITTEN"
"402","659","1990","HAS_WRITTEN"
"403","544","2013","HAS_WRITTEN"
"404","470","2022","HAS_WRITTEN"
"405","347","1977","HAS_WRITTEN"
"406","231","2022","HAS_WRITTEN"
"407","272","1997","HAS_WRITTEN"
"408","494","2015","HAS_WRITTEN"
"409","895","1990","HAS_WRITTEN"
"410","950","2023","HAS_WRITTEN"
"411","378","1979","HAS_WRITTEN"
"412","997","1987","HAS_WRITTEN"
"413","288","2022","HAS_WRITTEN"
"414","375","2007","HAS_WRITTEN"
"415","775","1979","HAS_WRITTEN"
"416","713","2021","HAS_WRITTEN"
"417","318","2021","HAS_WRITTEN"
"418","846","2000","HAS_WRITTEN"
"419","15","1997","HAS_WRITTEN"
"420","21","1997","HAS_WRITTEN"
"421","444","2011","HAS_WRITTEN"
"422","991","1980","HAS_WRITTEN"
"423","430","2008","HAS_WRITTEN"
"424","705","1977","HAS_WRITTEN"
"425","939","1987","HAS_WRITTEN"
"426","656","2002","HAS_WRITTEN"
"427","376","2018","HAS_WRITTEN"
"428","495","2000","HAS_WRITTEN"
"429","762","2018","HAS_WRITTEN"
"430","386","2010","HAS_WRITTEN"
"431","363","1987","HAS_WRITTEN"
"432","644","1976","HAS_WRITTEN"
"433","806","1999","HAS_WRITTEN"
"434","579","1991","HAS_WRITTEN"
"435","211","2009","HAS_WRITTEN"
"436","922","1987","HAS_WRITTEN"
"437","434","2018","HAS_WRITTEN"
"438","914","1986","HAS_WRITTEN"
"439","895","1991","HAS_WRITTEN"
"440","423","1997","HAS_WRITTEN"
"441","561","2018","HAS_WRITTEN"
"442","796","2007","HAS_WRITTEN"
"443","36","2010","HAS_WRITTEN"
"444","270","1996","HAS_WRITTEN"
"445","932","2023","HAS_WRITTEN"
"446","770","2001","HAS_WRITTEN"
"447","325","1975","HAS_WRITTEN"
"448","924","1995","HAS_WRITTEN"
"449","170","2019","HAS_WRITTEN"
"450","777","1996","HAS_WRITTEN"
"451","202","2021","HAS_WRITTEN"
"452","518","1988","HAS_WRITTEN"
"453","845","1977","HAS_WRITTEN"
"454","87","2007","HAS_WRITTEN"
"455","589","2021","HAS_WRITTEN"
"456","863","1986","HAS_WRITTEN"
"457","331","2019","HAS_WRITTEN"
"458","55","2007","HAS_WRITTEN"
"459","748","1999","HAS_WRITTEN"
"460","39","2020","HAS_WRITTEN"
"461","35","2006","HAS_WRITTEN"
"462","212","2014","HAS_WRITTEN"
"463","522","2006","HAS_WRITTEN"
"464","286","1977","HAS_WRITTEN"
"465","355","2018","HAS_WRITTEN"
"466","805","1988","HAS_WRITTEN"
"467","10","2002","HAS_WRITTEN"
"468","698","2009","HAS_WRITTEN"
"469","143","2011","HAS_WRITTEN"
"470","877","1993","HAS_WRITTEN"
"471","939","1989","HAS_WRITTEN"
"472","450","2022","HAS_WRITTEN"
"473","49","2011","HAS_WRITTEN"
"474","364","1993","HAS_WRITTEN"
"475","333","2009","HAS_WRITTEN"
"476","352","2002","HAS_WRITTEN"
"477","846","2008","HAS_WRITTEN"
"478","413","1993","HAS_WRITTEN"
"479","746","1980","HAS_WRITTEN"
"480","57","1977","HAS_WRITTEN"
"481","279","1992","HAS_WRITTEN"
"482","295","1995","HAS_WRITTEN"
"483","799","1991","HAS_WRITTEN"
"484","528","1989","HAS_WRITTEN"
"485","538","2021","HAS_WRITTEN"
"486","318","1975","HAS_WRITTEN"
"487","73","1993","HAS_WRITTEN"
"488","306","2015","HAS_WRITTEN"
"489","657","2010","HAS_WRITTEN"
"490","525","1999","HAS_WRITTEN"
"491","425","1997","HAS_WRITTEN"
"492","101","2002","HAS_WRITTEN"
"493","16","2006","HAS_WRITTEN"
"494","635","2001","HAS_WRITTEN"
"495","701","2007","HAS_WRITTEN"
"496","445","2019","HAS_WRITTEN"
"497","294","2005","HAS_WRITTEN"
"498","392","2020","HAS_WRITTEN"
"499","302","1982","HAS_WRITTEN"
"500","114","1988","HAS_WRITTEN"
"501","290","1992","HAS_WRITTEN"
"502","682","2015","HAS_WRITTEN"
"503","589","2023","HAS_WRITTEN"
"504","943","2017","HAS_WRITTEN"
"505","838","2018","HAS_WRITTEN"
"506","579","2001","HAS_WRITTEN"
"507","712","1989","HAS_WRITTEN"
"508","53","2014","HAS_WRITTEN"
"509","404","2021","HAS_WRITTEN"
"510","716","1988","HAS_WRITTEN"
"511","871","1983","HAS_WRITTEN"
"512","442","2011","HAS_WRITTEN"
"513","543","1991","HAS_WRITTEN"
"514","84","2020","HAS_WRITTEN"
"515","361","1990","HAS_WRITTEN"
"516","83","2010","HAS_WRITTEN"
"517","498","1991","HAS_WRITTEN"
"518","924","2001","HAS_WRITTEN"
"519","496","2005","HAS_WRITTEN"
"520","609","2006","HAS_WRITTEN"
"521","502","2009","HAS_WRITTEN"
"522","685","1977","HAS_WRITTEN"
"523","463","1993","HAS_WRITTEN"
"524","259","1982","HAS_WRITTEN"
"525","754","1979","HAS_WRITTEN"
"526","701","2023","HAS_WRITTEN"
"527","679","1976","HAS_WRITTEN"
"528","124","2014","HAS_WRITTEN"
"529","193","2016","HAS_WRITTEN"
"530","861","2015","HAS_WRITTEN"
"531","255","1980","HAS_WRITTEN"
"532","452","1976","HAS_WRITTEN"
"533","712","2023","HAS_WRITTEN"
"534","598","2009","HAS_WRITTEN"
"535","436","2001","HAS_WRITTEN"
"536","478","2020","HAS_WRITTEN"
"537","426","1989","HAS_WRITTEN"
"538","518","1989","HAS_WRITTEN"
"539","778","1989","HAS_WRITTEN"
"540","574","1988","HAS_WRITTEN"
"541","33","1991","HAS_WRITTEN"
"542","455","1981","HAS_WRITTEN"
"543","644","1997","HAS_WRITTEN"
"544","461","1975","HAS_WRITTEN"
"545","126","1998","HAS_WRITTEN"
"546","713","1993","HAS_WRITTEN"
"547","244","1982","HAS_WRITTEN"
"548","603","1991","HAS_WRITTEN"
"549","300","2007","HAS_WRITTEN"
"550","204","1998","HAS_WRITTEN"
"551","135","2022","HAS_WRITTEN"
"552","252","1984","HAS_WRITTEN"
"553","349","2022","HAS_WRITTEN"
"554","999","2007","HAS_WRITTEN"
"555","837","1991","HAS_WRITTEN"
"556","256","2016","HAS_WRITTEN"
"557","661","1988","HAS_WRITTEN"
"558","509","2011","HAS_WRITTEN"
"559","972","1989","HAS_WRITTEN"
"560","831","1993","HAS_WRITTEN"
"561","947","2019","HAS_WRITTEN"
"562","410","1989","HAS_WRITTEN"
"563","887","1996","HAS_WRITTEN"
"564","761","1979","HAS_WRITTEN"
"565","645","2005","HAS_WRITTEN"
"566","319","1989","HAS_WRITTEN"
"567","1","2018","HAS_WRITTEN"
"568","346","1975","HAS_WRITTEN"
"569","282","1997","HAS_WRITTEN"
"570","439","2009","HAS_WRITTEN"
"571","624","1986","HAS_WRITTEN"
"572","943","1999","HAS_WRITTEN"
"573","474","2012","HAS_WRITTEN"
"574","843","1985","HAS_WRITTEN"
"575","484","1998","HAS_WRITTEN"
"576","932","2017","HAS_WRITTEN"
"577","254","1989","HAS_WRITTEN"
"578","885","2021","HAS_WRITTEN"
"579","466","1988","HAS_WRITTEN"
"580","905","1979","HAS_WRITTEN"
"581","252","1988","HAS_WRITTEN"
"582","424","2020","HAS_WRITTEN"
"583","958","2022","HAS_WRITTEN"
"584","179","2006","HAS_WRITTEN"
"585","576","2006","HAS_WRITTEN"
"586","232","2004","HAS_WRITTEN"
"587","737","2009","HAS_WRITTEN"
"588","511","1978","HAS_WRITTEN"
"589","707","2010","HAS_WRITTEN"
"590","752","1987","HAS_WRITTEN"
"591","828","1989","HAS_WRITTEN"
"592","495","2017","HAS_WRITTEN"
"593","432","2009","HAS_WRITTEN"
"594","974","2010","HAS_WRITTEN"
"595","292","1997","HAS_WRITTEN"
"596","179","2007","HAS_WRITTEN"
"597","263","2003","HAS_WRITTEN"
"598","293","2005","HAS_WRITTEN"
"599","203","2023","HAS_WRITTEN"
"600","893","2000","HAS_WRITTEN"
"601","247","1975","HAS_WRITTEN"
"602","493","2021","HAS_WRITTEN"
"603","32","2011","HAS_WRITTEN"
"604","495","1982","HAS_WRITTEN"
"605","743","1995","HAS_WRITTEN"
"606","564","1992","HAS_WRITTEN"
"607","108","1986","HAS_WRITTEN"
"608","793","2011","HAS_WRITTEN"
"609","607","1976","HAS_WRITTEN"
"610","974","1994","HAS_WRITTEN"
"611","771","1984","HAS_WRITTEN"
"612","639","1982","HAS_WRITTEN"
"613","944","1993","HAS_WRITTEN"
"614","845","1976","HAS_WRITTEN"
"615","133","2008","HAS_WRITTEN"
"616","697","2017","HAS_WRITTEN"
"617","503","1983","HAS_WRITTEN"
"618","980","1995","HAS_WRITTEN"
"619","459","1980","HAS_WRITTEN"
"620","426","1991","HAS_WRITTEN"
"621","211","1979","HAS_WRITTEN"
"622","564","1988","HAS_WRITTEN"
"623","376","1980","HAS_WRITTEN"
"624","75","1987","HAS_WRITTEN"
"625","615","1990","HAS_WRITTEN"
"626","263","1999","HAS_WRITTEN"
"627","524","2015","HAS_WRITTEN"
"628","40","2001","HAS_WRITTEN"
"629","229","1981","HAS_WRITTEN"
"630","368","1995","HAS_WRITTEN"
"631","762","1980","HAS_WRITTEN"
"632","356","2012","HAS_WRITTEN"
"633","347","1996","HAS_WRITTEN"
"634","997","1998","HAS_WRITTEN"
"635","352","2014","HAS_WRITTEN"
"636","505","2008","HAS_WRITTEN"
"637","504","2004","HAS_WRITTEN"
"638","222","1980","HAS_WRITTEN"
"639","845","2020","HAS_WRITTEN"
"640","766","2002","HAS_WRITTEN"
"641","520","2001","HAS_WRITTEN"
"642","15","1997","HAS_WRITTEN"
"643","198","2009","HAS_WRITTEN"
"644","572","1997","HAS_WRITTEN"
"645","503","1982","HAS_WRITTEN"
"646","973","1979","HAS_WRITTEN"
"647","194","2006","HAS_WRITTEN"
"648","478","2011","HAS_WRITTEN"
"649","845","1990","HAS_WRITTEN"
"650","66","2011","HAS_WRITTEN"
"651","468","2023","HAS_WRITTEN"
"652","93","1991","HAS_WRITTEN"
"653","114","1996","HAS_WRITTEN"
"654","118","1976","HAS_WRITTEN"
"655","274","1996","HAS_WRITTEN"
"656","942","2022","HAS_WRITTEN"
"657","447","1983","HAS_WRITTEN"
"658","178","2009","HAS_WRITTEN"
"659","968","1996","HAS_WRITTEN"
"660","768","1999","HAS_WRITTEN"
"661","890","2020","HAS_WRITTEN"
"662","609","1998","HAS_WRITTEN"
"663","286","2018","HAS_WRITTEN"
"664","652","1982","HAS_WRITTEN"
"665","579","2015","HAS_WRITTEN"
"666","222","2012","HAS_WRITTEN"
"667","202","2010","HAS_WRITTEN"
"668","201","2018","HAS_WRITTEN"
"669","379","2013","HAS_WRITTEN"
"670","201","1984","HAS_WRITTEN"
"671","227","2004","HAS_WRITTEN"
"672","481","1987","HAS_WRITTEN"
"673","523","1987","HAS_WRITTEN"
"674","710","2019","HAS_WRITTEN"
"675","328","1993","HAS_WRITTEN"
"676","17","1981","HAS_WRITTEN"
"677","746","1994","HAS_WRITTEN"
"678","44","1975","HAS_WRITTEN"
"679","777","2011","HAS_WRITTEN"
"680","966","2022","HAS_WRITTEN"
"681","467","1981","HAS_WRITTEN"
"682","502","1988","HAS_WRITTEN"
"683","857","1975","HAS_WRITTEN"
"684","978","2012","HAS_WRITTEN"
"685","915","1987","HAS_WRITTEN"
"686","587","1996","HAS_WRITTEN"
"687","247","2004","HAS_WRITTEN"
"688","175","1983","HAS_WRITTEN"
"689","540","2005","HAS_WRITTEN"
"690","263","1991","HAS_WRITTEN"
"691","991","1996","HAS_WRITTEN"
"692","838","2023","HAS_WRITTEN"
"693","475","1992","HAS_WRITTEN"
"694","289","1981","HAS_WRITTEN"
"695","301","1996","HAS_WRITTEN"
"696","919","2020","HAS_WRITTEN"
"697","48","2005","HAS_WRITTEN"
"698","54","2013","HAS_WRITTEN"
"699","388","2009","HAS_WRITTEN"
"700","676","2012","HAS_WRITTEN"
"701","766","2009","HAS_WRITTEN"
"702","608","2020","HAS_WRITTEN"
"703","950","1982","HAS_WRITTEN"
"704","977","2006","HAS_WRITTEN"
"705","296","1984","HAS_WRITTEN"
"706","20","2009","HAS_WRITTEN"
"707","877","1995","HAS_WRITTEN"
"708","980","2000","HAS_WRITTEN"
"709","998","1991","HAS_WRITTEN"
"710","685","1979","HAS_WRITTEN"
"711","508","1987","HAS_WRITTEN"
"712","718","2001","HAS_WRITTEN"
"713","569","2019","HAS_WRITTEN"
"714","423","2012","HAS_WRITTEN"
"715","710","1999","HAS_WRITTEN"
"716","263","2006","HAS_WRITTEN"
"717","34","2009","HAS_WRITTEN"
"718","705","1978","HAS_WRITTEN"
"719","141","2003","HAS_WRITTEN"
"720","718","1994","HAS_WRITTEN"
"721","691","1984","HAS_WRITTEN"
"722","884","1999","HAS_WRITTEN"
"723","465","2005","HAS_WRITTEN"
"724","687","1997","HAS_WRITTEN"
"725","763","1990","HAS_WRITTEN"
"726","636","1986","HAS_WRITTEN"
"727","304","2020","HAS_WRITTEN"
"728","608","1985","HAS_WRITTEN"
"729","93","1987","HAS_WRITTEN"
"730","404","2011","HAS_WRITTEN"
"731","62","1998","HAS_WRITTEN"
"732","482","1986","HAS_WRITTEN"
"733","33","1988","HAS_WRITTEN"
"734","478","2013","HAS_WRITTEN"
"735","283","2002","HAS_WRITTEN"
"736","223","1998","HAS_WRITTEN"
"737","792","1977","HAS_WRITTEN"
"738","552","1991","HAS_WRITTEN"
"739","27","2006","HAS_WRITTEN"
"740","803","1980","HAS_WRITTEN"
"741","259","2021","HAS_WRITTEN"
"742","168","2000","HAS_WRITTEN"
"743","562","1991","HAS_WRITTEN"
"744","216","1979","HAS_WRITTEN"
"745","899","2019","HAS_WRITTEN"
"746","793","1987","HAS_WRITTEN"
"747","400","2010","HAS_WRITTEN"
"748","73","2007","HAS_WRITTEN"
"749","252","2019","HAS_WRITTEN"
"750","381","1993","HAS_WRITTEN"
"751","826","2009","HAS_WRITTEN"
"752","527","2019","HAS_WRITTEN"
"753","225","2013","HAS_WRITTEN"
"754","648","1988","HAS_WRITTEN"
"755","518","2017","HAS_WRITTEN"
"756","637","1986","HAS_WRITTEN"
"757","119","2016","HAS_WRITTEN"
"758","900","2010","HAS_WRITTEN"
"759","885","1975","HAS_WRITTEN"
"760","994","1978","HAS_WRITTEN"
"761","460","1998","HAS_WRITTEN"
"762","32","2014","HAS_WRITTEN"
"763","249","2019","HAS_WRITTEN"
"764","684","1975","HAS_WRITTEN"
"765","738","2002","HAS_WRITTEN"
"766","13","2008","HAS_WRITTEN"
"767","303","1994","HAS_WRITTEN"
"768","905","1994","HAS_WRITTEN"
"769","218","2013","HAS_WRITTEN"
"770","743","1977","HAS_WRITTEN"
"771","160","2002","HAS_WRITTEN"
"772","764","2007","HAS_WRITTEN"
"773","621","1983","HAS_WRITTEN"
"774","76","2016","HAS_WRITTEN"
"775","915","2021","HAS_WRITTEN"
"776","801","1986","HAS_WRITTEN"
"777","718","2009","HAS_WRITTEN"
"778","196","2009","HAS_WRITTEN"
"779","932","1999","HAS_WRITTEN"
"780","705","2003","HAS_WRITTEN"
"781","43","1994","HAS_WRITTEN"
"782","887","2015","HAS_WRITTEN"
"783","798","1991","HAS_WRITTEN"
"784","44","2022","HAS_WRITTEN"
"785","214","1991","HAS_WRITTEN"
"786","4","1981","HAS_WRITTEN"
"787","34","2021","HAS_WRITTEN"
"788","161","1998","HAS_WRITTEN"
"789","515","2002","HAS_WRITTEN"
"790","416","1992","HAS_WRITTEN"
"791","839","2004","HAS_WRITTEN"
"792","689","1997","HAS_WRITTEN"
"793","208","1984","HAS_WRITTEN"
"794","983","1996","HAS_WRITTEN"
"795","510","1997","HAS_WRITTEN"
"796","879","2003","HAS_WRITTEN"
"797","303","1997","HAS_WRITTEN"
"798","705","1992","HAS_WRITTEN"
"799","638","1982","HAS_WRITTEN"
"800","551","1982","HAS_WRITTEN"
"801","794","2013","HAS_WRITTEN"
"802","140","1996","HAS_WRITTEN"
"803","409","1993","HAS_WRITTEN"
"804","513","2005","HAS_WRITTEN"
"805","810","1982","HAS_WRITTEN"
"806","507","1996","HAS_WRITTEN"
"807","661","1993","HAS_WRITTEN"
"808","378","2004","HAS_WRITTEN"
"809","633","1999","HAS_WRITTEN"
"810","589","1993","HAS_WRITTEN"
"811","498","1979","HAS_WRITTEN"
"812","150","2000","HAS_WRITTEN"
"813","214","1986","HAS_WRITTEN"
"814","103","1996","HAS_WRITTEN"
"815","622","1987","HAS_WRITTEN"
"816","62","2012","HAS_WRITTEN"
"817","701","2015","HAS_WRITTEN"
"818","577","2009","HAS_WRITTEN"
"819","511","2016","HAS_WRITTEN"
"820","286","2018","HAS_WRITTEN"
"821","217","2004","HAS_WRITTEN"
"822","564","1981","HAS_WRITTEN"
"823","446","1998","HAS_WRITTEN"
"824","174","2015","HAS_WRITTEN"
"825","187","2020","HAS_WRITTEN"
"826","514","1998","HAS_WRITTEN"
"827","122","1994","HAS_WRITTEN"
"828","931","1993","HAS_WRITTEN"
"829","486","1992","HAS_WRITTEN"
"830","922","1997","HAS_WRITTEN"
"831","652","2017","HAS_WRITTEN"
"832","738","1993","HAS_WRITTEN"
"833","726","1978","HAS_WRITTEN"
"834","205","1979","HAS_WRITTEN"
"835","765","2023","HAS_WRITTEN"
"836","857","2023","HAS_WRITTEN"
"837","30","1986","HAS_WRITTEN"
"838","230","2012","HAS_WRITTEN"
"839","2","2018","HAS_WRITTEN"
"840","277","1978","HAS_WRITTEN"
"841","296","2019","HAS_WRITTEN"
"842","754","1984","HAS_WRITTEN"
"843","209","2020","HAS_WRITTEN"
"844","155","2011","HAS_WRITTEN"
"845","219","1979","HAS_WRITTEN"
"846","377","1994","HAS_WRITTEN"
"847","539","1978","HAS_WRITTEN"
"848","700","2020","HAS_WRITTEN"
"849","374","1985","HAS_WRITTEN"
"850","613","1992","HAS_WRITTEN"
"851","519","1997","HAS_WRITTEN"
"852","132","1999","HAS_WRITTEN"
"853","437","2014","HAS_WRITTEN"
"854","128","1993","HAS_WRITTEN"
"855","812","1975","HAS_WRITTEN"
"856","600","2005","HAS_WRITTEN"
"857","21","1997","HAS_WRITTEN"
"858","134","2007","HAS_WRITTEN"
"859","131","2012","HAS_WRITTEN"
"860","263","2014","HAS_WRITTEN"
"861","203","2003","HAS_WRITTEN"
"862","532","2017","HAS_WRITTEN"
"863","899","1987","HAS_WRITTEN"
"864","751","1975","HAS_WRITTEN"
"865","814","1991","HAS_WRITTEN"
"866","320","1976","HAS_WRITTEN"
"867","6","2001","HAS_WRITTEN"
"868","978","1977","HAS_WRITTEN"
"869","882","1975","HAS_WRITTEN"
"870","988","1975","HAS_WRITTEN"
"871","876","1999","HAS_WRITTEN"
"872","287","1990","HAS_WRITTEN"
"873","291","2006","HAS_WRITTEN"
"874","426","1986","HAS_WRITTEN"
"875","915","1990","HAS_WRITTEN"
"876","841","2020","HAS_WRITTEN"
"877","158","2006","HAS_WRITTEN"
"878","165","1994","HAS_WRITTEN"
"879","379","2013","HAS_WRITTEN"
"880","698","1989","HAS_WRITTEN"
"881","848","1988","HAS_WRITTEN"
"882","282","2018","HAS_WRITTEN"
"883","558","1988","HAS_WRITTEN"
"884","272","1984","HAS_WRITTEN"
"885","326","2017","HAS_WRITTEN"
"886","691","1987","HAS_WRITTEN"
"887","15","2020","HAS_WRITTEN"
"888","644","2003","HAS_WRITTEN"
"889","845","2019","HAS_WRITTEN"
"890","419","2005","HAS_WRITTEN"
"891","218","1997","HAS_WRITTEN"
"892","148","2001","HAS_WRITTEN"
"893","674","2010","HAS_WRITTEN"
"894","859","1981","HAS_WRITTEN"
"895","599","1993","HAS_WRITTEN"
"896","71","2009","HAS_WRITTEN"
"897","583","2019","HAS_WRITTEN"
"898","941","2011","HAS_WRITTEN"
"899","620","2001","HAS_WRITTEN"
"900","376","2005","HAS_WRITTEN"
"901","951","2015","HAS_WRITTEN"
"902","282","1988","HAS_WRITTEN"
"903","977","1982","HAS_WRITTEN"
"904","575","2005","HAS_WRITTEN"
"905","148","2013","HAS_WRITTEN"
"906","936","2019","HAS_WRITTEN"
"907","814","2010","HAS_WRITTEN"
"908","667","1983","HAS_WRITTEN"
"909","431","1982","HAS_WRITTEN"
"910","940","2012","HAS_WRITTEN"
"911","637","1988","HAS_WRITTEN"
"912","85","1978","HAS_WRITTEN"
"913","611","1984","HAS_WRITTEN"
"914","721","2019","HAS_WRITTEN"
"915","820","1991","HAS_WRITTEN"
"916","320","2021","HAS_WRITTEN"
"917","100","1979","HAS_WRITTEN"
"918","752","1986","HAS_WRITTEN"
"919","43","1979","HAS_WRITTEN"
"920","444","1986","HAS_WRITTEN"
"921","382","1989","HAS_WRITTEN"
"922","122","2005","HAS_WRITTEN"
"923","492","1980","HAS_WRITTEN"
"924","146","2015","HAS_WRITTEN"
"925","491","1976","HAS_WRITTEN"
"926","739","1987","HAS_WRITTEN"
"927","391","1983","HAS_WRITTEN"
"928","308","1977","HAS_WRITTEN"
"929","51","1999","HAS_WRITTEN"
"930","786","1978","HAS_WRITTEN"
"931","479","2022","HAS_WRITTEN"
"932","52","2005","HAS_WRITTEN"
"933","964","1976","HAS_WRITTEN"
"934","694","2003","HAS_WRITTEN"
"935","514","2018","HAS_WRITTEN"
"936","747","1993","HAS_WRITTEN"
"937","18","1976","HAS_WRITTEN"
"938","654","1983","HAS_WRITTEN"
"939","389","2019","HAS_WRITTEN"
"940","39","1986","HAS_WRITTEN"
"941","136","2009","HAS_WRITTEN"
"942","275","2023","HAS_WRITTEN"
"943","406","2014","HAS_WRITTEN"
"944","517","2000","HAS_WRITTEN"
"945","378","2005","HAS_WRITTEN"
"946","609","1983","HAS_WRITTEN"
"947","622","1992","HAS_WRITTEN"
"948","776","2014","HAS_WRITTEN"
"949","275","1979","HAS_WRITTEN"
"950","877","1991","HAS_WRITTEN"
"951","566","1981","HAS_WRITTEN"
"952","897","1995","HAS_WRITTEN"
"953","431","1998","HAS_WRITTEN"
"954","453","1981","HAS_WRITTEN"
"955","793","1977","HAS_WRITTEN"
"956","111","1986","HAS_WRITTEN"
"957","128","2021","HAS_WRITTEN"
"958","755","1989","HAS_WRITTEN"
"959","92","2011","HAS_WRITTEN"
"960","751","1991","HAS_WRITTEN"
"961","745","1987","HAS_WRITTEN"
"962","784","1996","HAS_WRITTEN"
"963","416","2009","HAS_WRITTEN"
"964","144","1975","HAS_WRITTEN"
"965","689","1990","HAS_WRITTEN"
"966","170","2013","HAS_WRITTEN"
"967","884","1977","HAS_WRITTEN"
"968","586","1991","HAS_WRITTEN"
"969","72","1975","HAS_WRITTEN"
"970","360","2023","HAS_WRITTEN"
"971","360","2012","HAS_WRITTEN"
"972","685","2013","HAS_WRITTEN"
"973","576","1976","HAS_WRITTEN"
"974","203","2012","HAS_WRITTEN"
"975","639","1981","HAS_WRITTEN"
"976","532","2018","HAS_WRITTEN"
"977","430","1998","HAS_WRITTEN"
"978","271","1979","HAS_WRITTEN"
"979","258","2023","HAS_WRITTEN"
"980","351","2020","HAS_WRITTEN"
"981","449","1975","HAS_WRITTEN"
"982","495","1988","HAS_WRITTEN"
"983","417","1994","HAS_WRITTEN"
"984","39","1994","HAS_WRITTEN"
"985","611","1980","HAS_WRITTEN"
"986","846","1994","HAS_WRITTEN"
"987","679","1995","HAS_WRITTEN"
"988","555","2013","HAS_WRITTEN"
"989","880","1976","HAS_WRITTEN"
"990","307","1996","HAS_WRITTEN"
"991","950","1994","HAS_WRITTEN"
"992","959","2006","HAS_WRITTEN"
"993","478","2003","HAS_WRITTEN"
"994","778","2019","HAS_WRITTEN"
"995","58","2007","HAS_WRITTEN"
"996","310","2013","HAS_WRITTEN"
"997","570","2012","HAS_WRITTEN"
"998","595","2014","HAS_WRITTEN"
"999","823","2003","HAS_WRITTEN"
"1000","420","2001","HAS_WRITTEN"
