id,title,rating
"1","Ain't That a Shame","6.1"
"2","Alone","8.1"
"3","(I've Got a Gal In) Kalamazoo","2.7"
"4","Will You Love Me Tomorrow","8.1"
"5","Go Your Own Way","9.6"
"6","Viva La Vida","3.2"
"7","Ray of Light","7.2"
"8","Make Love to Me","8.5"
"9","In the Summertime","8"
"10","Bad Day","3.8"
"11","Wake Me Up Before You Go Go","9.8"
"12","Nothing's Gonna Stop Us Now","0.5"
"13","The Great Pretender","1.4"
"14","Apologize","7"
"15","Need You Now","9.3"
"16","You Make Me Feel Brand New","4.1"
"17","Tammy","4.1"
"18","The Sign","9"
"19","Because of You","6.1"
"20","Hit the Road","1.2"
"21","Green Onions","2.6"
"22","Kansas City","3.6"
"23","Fantasy","1.5"
"24","Running Scared","2.7"
"25","Peggy Sue","4.7"
"26","Surfin' USA","2.1"
"27","Love Shack","4.6"
"28","Nature Boy","2.1"
"29","I Wanna Dance With Somebody (Who Loves Me)","3"
"30","Ballerina","1.9"
"31","I Can't Stop Loving You","8.6"
"32","Hanging by a Moment","0.4"
"33","We Built This City","2.4"
"34","(Put Another Nickel In) Music! Music! Music!","5"
"35","Your Cheatin' Heart","3.1"
"36","(I've Had) the Time of My Life","6.6"
"37","Change the World","0.5"
"38","Empire State Of Mind","1.5"
"39","Fantasy","5.6"
"40","Crocodile Rock","2.8"
"41","Sunshine Superman","2"
"42","Red Red Wine","9.8"
"43","If You Don't Know Me By Now","2.3"
"44","Roll With It","6"
"45","You Can't Hurry Love","2.5"
"46","All You Need is Love","9.8"
"47","Family Affair","0.1"
"48","End of the Road","7.8"
"49","Crazy Little Thing Called Love","5.9"
"50","This Guy's in Love With You","2.8"
"51","Nothin' on You","2.3"
"52","(Just Like) Starting Over","2.2"
"53","Honey","9.4"
"54","Don't Stop 'Til You Get Enough","4.2"
"55","Cold","1.3"
"56","I Still Haven't Found What I'm Looking For","3.6"
"57","Higher Love","3.2"
"58","In the End","3.2"
"59","Woman","3.5"
"60","Fortunate Son","2.9"
"61","Unforgettable","2"
"62","Beat It","4.7"
"63","Get Back","4.3"
"64","The Prisoner's Song","1.4"
"65","Jump","9.5"
"66","Ol' Man River","1.6"
"67","Killing Me Softly With His Song","8.2"
"68","Baker Street","7.1"
"69","Time After Time","0.7"
"70","Disco Duck","5.7"
"71","Stayin' Alive","3"
"72","Cars","2.9"
"73","Yesterday","0.8"
"74","Groove is in the Heart","1.1"
"75","Go Your Own Way","0.4"
"76","The Way You Move","5.3"
"77","Three Coins in the Fountain","2.2"
"78","This Used to Be My Playground","8.7"
"79","Alone Again (Naturally)","9.5"
"80","(Put Another Nickel In) Music! Music! Music!","5.7"
"81","Sir Duke","8.9"
"82","Ticket to Ride","2.2"
"83","No Scrubs","8.3"
"84","Brother Louie","0.1"
"85","Mona Lisa","8.3"
"86","Brother Louie","9.2"
"87","No Scrubs","4.6"
"88","Play That Funky Music","8.3"
"89","Macarena","0.6"
"90","Need You Tonight","0.6"
"91","Pistol Packin' Mama","0.8"
"92","We Got The Beat","8.1"
"93","I'll Take You There","9"
"94","I Write the Songs","0.5"
"95","Believe","3.2"
"96","12th Street Rag","4.7"
"97","One of These Nights","7.4"
"98","Caldonia Boogie (What Makes Your Big Head So Hard)","2.6"
"99","Don't Worry Be Happy","9.6"
"100","Bye Bye Love","0.9"
"101","Roll With It","3.1"
"102","Let's Get it On","5.1"
"103","Tossing & Turning","9.9"
"104","Greatest Love of All","5.8"
"105","Rock the Casbah","2"
"106","Hey Baby","3.3"
"107","Born to Run","0.9"
"108","Up Where We Belong","7.3"
"109","Maneater","3.3"
"110","Spirit in the Sky","8.2"
"111","Theme From 'Shaft'","3.5"
"112","We Are the World","5.1"
"113","I Heard it Through the Grapevine","8.9"
"114","Cars","5.6"
"115","The Loco-Motion","8.5"
"116","Crazy For You","1.6"
"117","If I Didn't Care","7.6"
"118","Always On My Mind","6.7"
"119","Time of the Season","5.5"
"120","Ol' Man River","1.2"
"121","Vaya Con Dios (may God Be With You)","8.5"
"122","The Boys of Summer","3.1"
"123","St Louis Blues","7.8"
"124","Love's Theme","7.3"
"125","Mercy Mercy Me (The Ecology)","7.7"
"126","Take The 'A' Train","7.7"
"127","I'll Take You There","6.1"
"128","Boogie Woogie Bugle Boy","1.7"
"129","Cars","0.2"
"130","Under the Boardwalk","6.8"
"131","Dardanella","7"
"132","Do Ya Think I'm Sexy?","8.2"
"133","Breathe","7.5"
"134","Philadelphia Freedom","7.2"
"135","Wanted","7.5"
"136","Jive Talkin'","0.1"
"137","Rock With You","4.3"
"138","I Can't Get Started","4.1"
"139","Vision of Love","6.5"
"140","My Sweet Lord","5.2"
"141","Hungry Heart","5.7"
"142","Car Wash","5.3"
"143","The Letter","9.3"
"144","Bad Moon Rising","5.3"
"145","Purple Haze","1.2"
"146","Glamorous","5.3"
"147","Mona Lisa","6.4"
"148","This Land is Your Land","9.1"
"149","Rag Doll","7.6"
"150","Bennie & the Jets","4.6"
"151","Take Me Home","9.1"
"152","Killing Me Softly With His Song","0.3"
"153","We Are the World","0"
"154","Oh","5.7"
"155","Just My Imagination (Running Away With Me)","2"
"156","Horse With No Name","8.4"
"157","Whole Lotta Love","4.4"
"158","I Can Dream","2.2"
"159","Bennie & the Jets","7.2"
"160","Cheek to Cheek","6.7"
"161","Groovin'","6"
"162","Again","5"
"163","I Don't Want to Miss a Thing","4.1"
"164","Piano Man","10"
"165","Two Hearts","3.8"
"166","I Honestly Love You","6.3"
"167","This Love","1"
"168","A-Tisket A-Tasket","2.8"
"169","Can't Help Falling in Love","0.3"
"170","One O'Clock Jump","9.5"
"171","The Prisoner's Song","5.4"
"172","Without You","2.5"
"173","Le Freak","1.8"
"174","Hey Paula","3"
"175","Just My Imagination (Running Away With Me)","4.8"
"176","Sunshine Superman","3.7"
"177","My Boyfriend's Back","4.8"
"178","Viva La Vida","3.3"
"179","These Boots Are Made For Walking","3.5"
"180","Let Me Love You","0.8"
"181","We Can Work it Out","7.8"
"182","I Walk the Line","3.5"
"183","Blurred Lines","2"
"184","Touch Me","1.4"
"185","Let Me Love You","5.9"
"186","What Goes Around Comes Around","6.4"
"187","Chapel of Love","9.9"
"188","Total Eclipse of the Heart","6.5"
"189","One More Try","7.6"
"190","Candy Man","1.3"
"191","The Loco-Motion","0.7"
"192","Bad Romance","0"
"193","Mony Mony","3.9"
"194","Another Brick in the Wall (part 2)","0.7"
"195","Firework","9.4"
"196","Earth Angel","8.9"
"197","Me & Bobby McGee","0"
"198","Lonely Boy","3.6"
"199","Let Me Call You Sweetheart","7.5"
"200","Que sera sera (Whatever will be will be)","6.1"
"201","Stand By Me","1.2"
"202","Fantasy","1.5"
"203","The Boy is Mine","3.2"
"204","Happy Together","4.6"
"205","Midnight Train to Georgia","5.4"
"206","Say You","1.9"
"207","We Will Rock You","3.1"
"208","Car Wash","0.9"
"209","19th Nervous Breakdown","5.8"
"210","Kokomo","7.9"
"211","This Ole House","2.3"
"212","Proud Mary","1.4"
"213","Whip It","4.8"
"214","Won't Get Fooled Again","4.1"
"215","Ode To Billie Joe","9.3"
"216","California Dreamin'","0.8"
"217","Here Without You","4.6"
"218","We Built This City","8.5"
"219","Whole Lotta Love","10"
"220","You Ain't Seen Nothin' Yet","3.5"
"221","Rock Your Baby","2.8"
"222","Rhinestone Cowboy","9.5"
"223","Mr Big Stuff","1.2"
"224","Hey Baby","5.4"
"225","Got to Give it Up","4"
"226","Shadow Dancing","3.8"
"227","Rhapsody in Blue","9.7"
"228","Temperature","0"
"229","Love Is Blue (L'Amour Est Bleu)","2.5"
"230","Without You","7.2"
"231","The Way We Were","5.6"
"232","My Man","4.4"
"233","Because of You","0.5"
"234","Gives You Hell","3.9"
"235","No Scrubs","2.6"
"236","Like a Prayer","9.3"
"237","Greatest Love of All","8.7"
"238","Ac-cent-tchu-ate the Positive","2.6"
"239","(You Keep Me) Hangin' On","9"
"240","Waiting For a Girl Like You","0.4"
"241","Hey Baby","1.2"
"242","Escape (The Pina Colada Song)","8.6"
"243","You've Got a Friend","1.6"
"244","Iris","1.6"
"245","Eye of the Tiger","4.4"
"246","Be My Baby","7.2"
"247","The Great Pretender","9"
"248","Ac-cent-tchu-ate the Positive","5.5"
"249","Baby Baby","3.5"
"250","Apologize","1.6"
"251","That Lucky Old Sun (Just Rolls Around Heaven All Day)","0.3"
"252","The Glow-Worm","4.6"
"253","You'll Never Know","8.7"
"254","The Song From Moulin Rouge (Where Is Your Heart)","8.3"
"255","(Ghost) Riders in the Sky","6.4"
"256","Sweet Caroline (Good Times Never Seemed So Good)","1.8"
"257","Rudolph","7.9"
"258","Hurt So Good","5"
"259","Physical","4.7"
"260","Whispering","5.5"
"261","Breaking Up is Hard to Do","5.9"
"262","Walk On By","0.1"
"263","I'll Take You There","0.2"
"264","Reunited","5.8"
"265","I'll Take You There","9.6"
"266","Go Your Own Way","8.8"
"267","Burn","1.6"
"268","Eve of Destruction","0.7"
"269","Something","6.5"
"270","We Built This City","3.8"
"271","Wipe Out","2.9"
"272","Travellin' Band","7.7"
"273","Minnie the Moocher","0.6"
"274","Stormy Weather (Keeps Rainin' All the Time)","1.7"
"275","Pennies From Heaven","1.9"
"276","Honky Tonk Woman","2.1"
"277","Karma Chameleon","5"
"278","Monday Monday","5"
"279","Have You Ever Really Loved a Woman?","0.1"
"280","Unchained Melody","2.2"
"281","You Always Hurt the One You Love","3"
"282","(They Long to Be) Close to You","7.3"
"283","That Old Black Magic","9.5"
"284","Glory of Love","2"
"285","Under the Bridge","7.1"
"286","Mr Big Stuff","9.5"
"287","Rags to Riches","3.9"
"288","Will It Go Round In Circles","6.8"
"289","Billie Jean","3.4"
"290","Wanted","5.2"
"291","Sexyback","7.9"
"292","Every Breath You Take","4.8"
"293","Return to Sender","2.4"
"294","(Sittin' On) the Dock of the Bay","8.3"
"295","Save the Last Dance For Me","5.8"
"296","Lean On Me","0"
"297","We Are Young","5.4"
"298","Love Shack","9.9"
"299","Manana (Is Soon Enough For Me)","4.9"
"300","Blue Tango","2.9"
"301","A Whole New World (Aladdin's Theme)","3.1"
"302","Baby Love","8.9"
"303","I Can't Help Myself (Sugar Pie","9.1"
"304","Dancing in the Street","6.1"
"305","Bridge Over Troubled Water","3.1"
"306","Sleep Walk","0.4"
"307","Let Me Love You","0.8"
"308","Rag Doll","2.2"
"309","Me & Bobby McGee","1.4"
"310","Ray of Light","7.4"
"311","Mona Lisa","6.2"
"312","This Ole House","2.8"
"313","Little Darlin'","1.7"
"314","My Life","6"
"315","The Streak","6.9"
"316","Judy in Disguise (With Glasses)","3"
"317","Theme From 'A Summer Place'","2.4"
"318","Here in My Heart","2.1"
"319","I'll be seeing you","6"
"320","Leaving","1.4"
"321","You Belong With Me","2.9"
"322","Cat's in the Cradle","7.5"
"323","I Will Survive","8.3"
"324","Cry Like a Baby","7"
"325","One Bad Apple","2.1"
"326","My Heart Will Go On","6.3"
"327","Mony Mony","9.2"
"328","The Love You Save","6.6"
"329","Mack the Knife","7"
"330","End of the Road","1.8"
"331","Crimson & Clover","3.4"
"332","Fortunate Son","6.4"
"333","Love Train","1.6"
"334","Cat's in the Cradle","4.2"
"335","Brother Louie","7.8"
"336","Gypsies","6.4"
"337","Wedding Bell Blues","3.1"
"338","We Built This City","6.2"
"339","Look Away","1.5"
"340","I Don't Want to Miss a Thing","1.9"
"341","Creep","9"
"342","Disturbia","7.7"
"343","Breaking Up is Hard to Do","5.3"
"344","Roll With It","4.2"
"345","Auf Wiederseh'n Sweetheart","1.4"
"346","Wild Wild West","7.8"
"347","Everybody Wants to Rule the World","6.8"
"348","My Man","9.2"
"349","White Rabbit","9.8"
"350","You Ain't Seen Nothin' Yet","1.1"
"351","Love Theme From 'A Star is Born' (Evergreen)","2.3"
"352","Party Rock Anthem","3"
"353","Long Tall Sally","6.7"
"354","I Believe I Can Fly","1.1"
"355","Check On It","0.7"
"356","Colors of the Wind","1.7"
"357","Happy Days Are Here Again","3.2"
"358","How Do You Mend a Broken Heart","4.4"
"359","Fire & Rain","0.6"
"360","Theme From 'Greatest American Hero' (Believe It Or Not)","4.3"
"361","Blue Tango","3"
"362","Miss You Much","5.4"
"363","The Streak","8.7"
"364","(I Can't Get No) Satisfaction","3.7"
"365","She's a Lady","2.4"
"366","I Will Always Love You","7.5"
"367","Don't You (Forget About Me)","6.6"
"368","The Loco-Motion","2.5"
"369","Battle of New Orleans","4.4"
"370","In Da Club","3.5"
"371","The Reason","1.6"
"372","I Will Survive","9.2"
"373","Pop Muzik","1.9"
"374","Smoke Gets in Your Eyes","6"
"375","Runaround Sue","3.1"
"376","Take The 'A' Train","2.7"
"377","Cry","1.3"
"378","Down Under","7.9"
"379","Jumpin' Jack Flash","7.2"
"380","Bette Davis Eyes","5.7"
"381","Again","5.1"
"382","I Wanna Dance With Somebody (Who Loves Me)","6.4"
"383","Thrift Shop","2.6"
"384","Downtown","5.9"
"385","19th Nervous Breakdown","8.2"
"386","We Didn't Start the Fire","9.4"
"387","Kiss Me","6.8"
"388","Cry","7.6"
"389","Till I Waltz Again With You","1.8"
"390","I Love Rock 'n' Roll","0.4"
"391","The Letter","6.9"
"392","Use Somebody","9.6"
"393","Flashdance. What a Feeling","9.9"
"394","Goodnight","7.6"
"395","Last Train to Clarksville","2.2"
"396","Love Letters in the Sand","2.2"
"397","Le Freak","8.7"
"398","Hard to Say I'm Sorry","8.1"
"399","If You Leave Me Now","2.9"
"400","I Just Wanna Be Your Everything","2.5"
"401","Come Together","6.7"
"402","Miss You Much","7.7"
"403","Wild Thing","5.7"
"404","Ain't No Mountain High Enough","2.8"
"405","Strangers in the Night","2.8"
"406","Love Theme From 'A Star is Born' (Evergreen)","4.1"
"407","Bitter Sweet Symphony","7.7"
"408","Down Under","8"
"409","Tossing & Turning","4.9"
"410","Green Tambourine","2.6"
"411","Call Me Maybe","9.7"
"412","Kung Fu Fighting","4.2"
"413","Wooly Bully","1.1"
"414","Ain't That a Shame","9.4"
"415","I Got You (I Feel Good)","8.6"
"416","Call Me","5.4"
"417","Wishing Well","7.1"
"418","Down","8.9"
"419","Frankenstein","1.2"
"420","Footloose","1.9"
"421","I Gotta Feeling","4.5"
"422","Hound Dog","8.1"
"423","Freak Me","0.3"
"424","Touch Me","2.9"
"425","Long Tall Sally","7.4"
"426","Wicked Game","5.1"
"427","Look Away","1.4"
"428","Stuck On You","7.4"
"429","Bad Romance","5.4"
"430","La Bamba","4.7"
"431","Bad Romance","8.2"
"432","You make Me Wanna","0.4"
"433","Sweet Georgia Brown","6.3"
"434","Green Tambourine","2.6"
"435","My Girl","8.3"
"436","Blue Suede Shoes","6.7"
"437","Come On-a My House","2.8"
"438","You've Lost That Lovin' Feelin'","9.7"
"439","Build Me Up Buttercup","5.1"
"440","Burn","9.8"
"441","Angie","6.9"
"442","Knock Three Times","5.9"
"443","Yesterday","5.6"
"444","Over There","1.3"
"445","Crying","7.2"
"446","Weak","3.2"
"447","I Honestly Love You","6.1"
"448","Groove is in the Heart","6.9"
"449","On My Own","7.3"
"450","Dardanella","5.2"
"451","Duke of Earl","7.5"
"452","Theme From 'Greatest American Hero' (Believe It Or Not)","1.5"
"453","Baby One More Time","0.1"
"454","Nobody Does it Better","9"
"455","Rush Rush","2.2"
"456","Ring My Bell","8.9"
"457","Help!","8.4"
"458","I Can't Help Myself (Sugar Pie","1.5"
"459","What'd I Say","7.5"
"460","You Always Hurt the One You Love","2.2"
"461","La Bamba","0.3"
"462","La Bamba","3.6"
"463","I Think I Love You","1.8"
"464","The Streak","2.3"
"465","Theme From 'A Summer Place'","0.5"
"466","Riders On the Storm","4.7"
"467","She's a Lady","9.3"
"468","Car Wash","5.9"
"469","Dilemma","9.6"
"470","Boogie Woogie Bugle Boy","6.1"
"471","Stand By Me","6.3"
"472","Over There","5.1"
"473","Get Back","5.1"
"474","(I've Got a Gal In) Kalamazoo","0.4"
"475","Shout","7.4"
"476","Hanky Panky","8.9"
"477","How Much is That Doggy in the Window?","1.5"
"478","Take The 'A' Train","4.7"
"479","Hair","0.7"
"480","Under the Bridge","4.7"
"481","Runaround Sue","2.4"
"482","Heartbreak Hotel","9.6"
"483","Don't Speak","5.2"
"484","Grenade","2.5"
"485","Dreams","5"
"486","Call Me","3.3"
"487","Ball of Confusion (That's What the World is Today)","5.1"
"488","Ain't No Sunshine","8"
"489","Hey There","8.4"
"490","Eight Days a Week","7.4"
"491","Everyday People","8.5"
"492","Centerfold","7.3"
"493","Jumpin' Jack Flash","1.8"
"494","Against All Odds (Take a Look At Me Now)","1.6"
"495","Dardanella","9.4"
"496","Penny Lane","8.3"
"497","Be My Love","4.2"
"498","Spinning Wheel","3.1"
"499","Winchester Cathedral","8.3"
"500","Open Arms","9.2"
"501","Coming Up","2.6"
"502","Addicted to Love","7.1"
"503","Yeah!","0.4"
"504","Fly Robin Fly","3.3"
"505","Livin' On a Prayer","1.5"
"506","All Along the Watchtower","2.5"
"507","Crazy Little Thing Called Love","1.1"
"508","Sailing","7.5"
"509","How You Remind Me","8.2"
"510","Do Wah Diddy Diddy","8.9"
"511","We Built This City","8.7"
"512","Sing","4.8"
"513","April Showers","1"
"514","Have You Ever Really Loved a Woman?","4.3"
"515","Ghostbusters","9.2"
"516","Delicado","6.7"
"517","Smoke! Smoke! Smoke! (That Cigarette)","4.3"
"518","Use Somebody","5.9"
"519","Don't You (Forget About Me)","5"
"520","Cherry Pink & Apple Blossom White","5.6"
"521","I'm Your Boogie Man","9.6"
"522","Ol' Man River","5.4"
"523","I Get Around","1"
"524","Maneater","5.6"
"525","My Sharona","3.4"
"526","(Put Another Nickel In) Music! Music! Music!","5.4"
"527","Boogie Oogie Oogie","9.6"
"528","Blurred Lines","2.7"
"529","Good Lovin'","9.6"
"530","Sixteen Tons","4.3"
"531","Foolish Games","8.6"
"532","Glory of Love","3.5"
"533","Tom Dooley","1.5"
"534","That's the Way (I Like It)","3.2"
"535","Want Ads","2.5"
"536","Always On My Mind","1.4"
"537","A Whole New World (Aladdin's Theme)","9.9"
"538","Wabash Cannonball","9"
"539","Blue Suede Shoes","3.1"
"540","Be My Love","8.2"
"541","Baby Baby","7.4"
"542","I Still Haven't Found What I'm Looking For","3.6"
"543","Return to Sender","5.8"
"544","Mony Mony","0.7"
"545","Man in the Mirror","8.6"
"546","Take a Bow","0.5"
"547","Because You Loved Me","8.1"
"548","Strange Fruit","3.3"
"549","I Don't Want to Miss a Thing","7.7"
"550","The Letter","5.7"
"551","Total Eclipse of the Heart","4.1"
"552","The Long & Winding Road","6.3"
"553","Tears in Heaven","6.9"
"554","Mony Mony","3.1"
"555","Let's Get it On","4.7"
"556","Bad Moon Rising","6"
"557","12th Street Rag","8.9"
"558","I'll Never Smile Again","3.7"
"559","He's a Rebel","1.5"
"560","Volare","0.6"
"561","Blue Tango","5.4"
"562","You're Beautiful","1.8"
"563","Only You (And You Alone)","0.9"
"564","Cherish","3.2"
"565","Down Hearted Blues","1.5"
"566","Love Theme From 'A Star is Born' (Evergreen)","9.7"
"567","On Bended Knee","6.5"
"568","Believe","9.7"
"569","Louie Louie","9.2"
"570","When You Wish Upon a Star","3.9"
"571","No Scrubs","9.5"
"572","Love In This Club","2.9"
"573","Right Back Where We Started From","8.7"
"574","Love Hangover","4.6"
"575","Here in My Heart","1.7"
"576","Stayin' Alive","3.9"
"577","Love Will Keep Us Together","7.6"
"578","Over the Rainbow","8"
"579","(Sittin' On) the Dock of the Bay","3.2"
"580","How Deep is Your Love?","9.9"
"581","A Whiter Shade of Pale","1.4"
"582","House of the Rising Sun","5.5"
"583","Nobody Does it Better","1.8"
"584","Purple Rain","8.1"
"585","Oh Happy Day","1.8"
"586","Honky Tonk","6.1"
"587","Poker Face","9.3"
"588","A Boy Named Sue","5.4"
"589","Long Cool Woman in a Black Dress","4.6"
"590","Alone","3.9"
"591","Long Cool Woman in a Black Dress","1.4"
"592","Cold","9.2"
"593","Piano Man","8.9"
"594","I'll Take You There","6.8"
"595","All Shook Up","10"
"596","The Way You Look Tonight","3"
"597","You Ain't Seen Nothin' Yet","1.1"
"598","Disco Duck","1.4"
"599","Love In This Club","6.8"
"600","Royals","6.2"
"601","The Way We Were","1.2"
"602","(You're My) Soul & Inspiration","6.9"
"603","I Wanna Love You","9.2"
"604","That's Amore","3.9"
"605","We Will Rock You","4"
"606","Knock On Wood","7.7"
"607","Play That Funky Music","9.7"
"608","Ghostbusters","6.3"
"609","Groovin'","1.1"
"610","You Belong to Me","0.8"
"611","At Last","7.3"
"612","Bad","0.1"
"613","I Want to Know What Love Is","9.9"
"614","(They Long to Be) Close to You","6.7"
"615","Tossing & Turning","1.5"
"616","You Make Me Feel Like Dancing","6.9"
"617","Dreams","4"
"618","Rehab","6.2"
"619","Peg o' My Heart","3.5"
"620","Your Song","4.5"
"621","Dance to the Music","2.6"
"622","These Boots Are Made For Walking","8"
"623","Since U Been Gone","9.2"
"624","At Last","8.9"
"625","The Song From Moulin Rouge (Where Is Your Heart)","9.9"
"626","The Glow-Worm","6.9"
"627","Brother Louie","9.5"
"628","Nothing's Gonna Stop Us Now","4.7"
"629","Dancing in the Street","4.2"
"630","Look Away","2.8"
"631","Don't Leave Me This Way","4.5"
"632","I'm Yours","5.8"
"633","Under the Bridge","1.9"
"634","Wannabe","6.4"
"635","Great Balls of Fire","0.6"
"636","Ain't No Mountain High Enough","7.6"
"637","I'll Never Smile Again","5.5"
"638","YMCA","0.8"
"639","I Heard it Through the Grapevine","4.4"
"640","Tha Crossroads","0.7"
"641","Best of My Love","9"
"642","Brother","3.5"
"643","Mr Big Stuff","3.2"
"644","Like a Prayer","4.2"
"645","One More Try","9.9"
"646","I Want You Back","0.4"
"647","Sweet Caroline (Good Times Never Seemed So Good)","5.1"
"648","Kiss You All Over","0.6"
"649","Rapture","2.7"
"650","Spinning Wheel","5.5"
"651","Cherish","9.7"
"652","Sunday","4.3"
"653","Sixteen Tons","8.8"
"654","Check On It","0.1"
"655","On the Atchison","7.8"
"656","Aquarius/Let The Sunshine In","9.3"
"657","Tonight's the Night (Gonna Be Alright)","9.2"
"658","Tie a Yellow Ribbon 'round the Old Oak Tree","8.1"
"659","When a Man Loves a Woman","7.7"
"660","Hot Child In The City","5.6"
"661","Eye of the Tiger","9.9"
"662","I Gotta Feeling","6.5"
"663","Knock Three Times","5.7"
"664","Sleepy Lagoon","7.1"
"665","In the Ghetto","0.2"
"666","Magic","9.8"
"667","Louie Louie","1.1"
"668","Mr Big Stuff","3.9"
"669","You Don't Have to Be a Star (To Be in My Show)","2.8"
"670","Purple Haze","2.5"
"671","I'm Yours","3.9"
"672","Total Eclipse of the Heart","4.6"
"673","Raindrops Keep Falling On My Head","7.2"
"674","Summer in the City","3.1"
"675","Yesterday","4.3"
"676","Bitter Sweet Symphony","5.1"
"677","Go Your Own Way","4.8"
"678","If I Didn't Care","5.1"
"679","Superstar","8.5"
"680","Be My Love","3.2"
"681","Like a Prayer","8.8"
"682","The End of the World","4.9"
"683","Crying","5.4"
"684","How Deep is Your Love?","9.2"
"685","Love Hangover","4.4"
"686","Turn! Turn! Turn! (To Everything There is a Season)","7.1"
"687","Soul Man","4.7"
"688","Ain't No Sunshine","1.1"
"689","Nobody Does it Better","7.4"
"690","The Twist","2.2"
"691","Toxic","5.4"
"692","I Will Follow Him","7"
"693","I Get Around","9.6"
"694","Walk This Way","6.9"
"695","Time After Time","7.6"
"696","My Girl","2.5"
"697","Spill the Wine","5.2"
"698","Piano Man","3.8"
"699","You Ain't Seen Nothin' Yet","7.7"
"700","Sweet Home Alabama","1.4"
"701","Private Eyes","1.1"
"702","Miss You","2.2"
"703","Save the Last Dance For Me","0.2"
"704","I Still Haven't Found What I'm Looking For","0.8"
"705","Happy Together","9.7"
"706","Dancing in the Street","6.3"
"707","Call Me Maybe","2.2"
"708","This Diamond Ring","2.4"
"709","Billie Jean","7.3"
"710","Purple Rain","7.6"
"711","Rock the Casbah","2"
"712","Walk On the Wild Side","5.5"
"713","Cathy's Clown","6"
"714","That's What Friends Are For","1.2"
"715","(It's No) Sin","6.5"
"716","April Showers","6.7"
"717","Car Wash","6.7"
"718","Ebony & Ivory","9.1"
"719","Love Child","6.5"
"720","Everybody Loves Somebody","7.8"
"721","Ray of Light","5.7"
"722","Disco Lady","7.7"
"723","Band of Gold","0.3"
"724","Just My Imagination (Running Away With Me)","5.7"
"725","Lady","5"
"726","On the Atchison","6.3"
"727","(Just Like) Starting Over","5.3"
"728","Breaking Up is Hard to Do","3.6"
"729","Venus","1.9"
"730","Only You (And You Alone)","6.4"
"731","You Don't Have to Be a Star (To Be in My Show)","6.4"
"732","All I Wanna Do","5"
"733","Venus","5.2"
"734","I Honestly Love You","1.7"
"735","Morning Train (Nine to Five)","3.5"
"736","Dardanella","0.2"
"737","Celebration","9.4"
"738","Nothing's Gonna Stop Us Now","4.3"
"739","The Streak","4.2"
"740","Heart of Gold","5.6"
"741","Sailing","0.7"
"742","My Life","6.3"
"743","Ain't That a Shame","8.3"
"744","More Than Words","4.4"
"745","Tie a Yellow Ribbon 'round the Old Oak Tree","9"
"746","50 Ways to Leave Your Lover","7.4"
"747","My Love","5"
"748","I Can't Help Myself (Sugar Pie","1"
"749","Ring My Bell","7.9"
"750","Promiscuous","6.2"
"751","We Got The Beat","7.8"
"752","Joy to the World","2.7"
"753","You Were Meant for Me","6.8"
"754","I've Heard That Song Before","5.8"
"755","The End of the World","7.5"
"756","On My Own","3.9"
"757","Don't Let the Stars Get in Your Eyes","8.9"
"758","Stay (I Missed You)","1.1"
"759","Boogie Woogie Bugle Boy","8.9"
"760","Save the Last Dance For Me","5.7"
"761","Let it Be","2.4"
"762","More Than a Feeling","4.1"
"763","I Can't Get Started","4.8"
"764","Beautiful Day","4.7"
"765","Blaze of Glory","7.3"
"766","Bad Girls","0.5"
"767","Don't Let the Stars Get in Your Eyes","5.1"
"768","Fly Robin Fly","7.2"
"769","I Want to Hold Your Hand","4.2"
"770","West End Girls","0.2"
"771","Rock Your Baby","7.2"
"772","Crazy in Love","7.8"
"773","You Make Me Feel Like Dancing","2.3"
"774","Ticket to Ride","4"
"775","The Long & Winding Road","1.2"
"776","Riders On the Storm","9.1"
"777","Go Your Own Way","2.6"
"778","That Lucky Old Sun (Just Rolls Around Heaven All Day)","2.8"
"779","Georgia On My Mind","1.7"
"780","Billie Jean","2.8"
"781","How Will I Know","7.6"
"782","What a Fool Believes","4.5"
"783","Mickey","9.5"
"784","Let it Snow! Let it Snow! Let it Snow!","3.8"
"785","Make Love to Me","8.4"
"786","Streets of Philadelphia","9.4"
"787","Little Things Mean a Lot","7.4"
"788","Baby Come Back","3.5"
"789","Being With You","0.6"
"790","Alone Again (Naturally)","7.7"
"791","Apologize","0.1"
"792","Disco Lady","9"
"793","Stairway to Heaven","3.1"
"794","I Can't Get Next to You","6.5"
"795","Brother","8.3"
"796","Centerfold","4.6"
"797","Feel Like Making Love","5.1"
"798","Need You Tonight","2.9"
"799","Over There","1.9"
"800","Mack the Knife","2.5"
"801","Drops of Jupiter (Tell Me)","8.4"
"802","Mama Told Me Not to Come","5.9"
"803","Rudolph","0.7"
"804","I Walk the Line","1.2"
"805","I Can Dream","7.1"
"806","Hey Jude","7.8"
"807","Honky Tonk","10"
"808","Mony Mony","5"
"809","Have You Ever Really Loved a Woman?","4.4"
"810","Alone Again (Naturally)","1.9"
"811","For What It's Worth (Stop","3.8"
"812","We Are Young","7.8"
"813","Fire & Rain","4.7"
"814","Live & Let Die","2.4"
"815","No Scrubs","6.7"
"816","A String of Pearls","2.3"
"817","Drop it Like It's Hot","9.2"
"818","Begin the Beguine","7.7"
"819","The Tracks of My Tears","1.4"
"820","Down","9"
"821","Walk This Way","6.9"
"822","Royals","8.6"
"823","Help Me","8.9"
"824","Unbelievable","4.5"
"825","Family Affair","4.2"
"826","My Girl","9.6"
"827","Long Tall Sally","4.5"
"828","Burn","3.7"
"829","Ticket to Ride","6.6"
"830","Say My Name","5.5"
"831","Me & Mrs Jones","3.8"
"832","Manana (Is Soon Enough For Me)","6.5"
"833","I Got You Babe","9.1"
"834","Body & Soul","1.3"
"835","Blaze of Glory","1.5"
"836","Unforgettable","9.4"
"837","Feel Good Inc","9"
"838","Sweet Georgia Brown","3.2"
"839","Hotel California","7.2"
"840","We Are the Champions","1.3"
"841","Under the Boardwalk","10"
"842","I Can See Clearly Now","3"
"843","Blue Tango","9.7"
"844","Leaving","1.3"
"845","Riders On the Storm","2.1"
"846","Always On My Mind","5.4"
"847","Rudolph","3.9"
"848","Won't Get Fooled Again","5.5"
"849","I'll Be Missing You","6.4"
"850","Groovin'","8.3"
"851","Angie","4.3"
"852","I Just Wanna Be Your Everything","1.2"
"853","Ode To Billie Joe","9.9"
"854","Stranger On the Shore","1.9"
"855","Johnny B Goode","5.3"
"856","Three Coins in the Fountain","7.1"
"857","Blue Suede Shoes","9.1"
"858","Runaround Sue","7.1"
"859","Peg o' My Heart","4.7"
"860","50 Ways to Leave Your Lover","9.1"
"861","Honky Tonk Woman","1.9"
"862","Don't Let the Stars Get in Your Eyes","6.3"
"863","Cracklin' Rosie","8.9"
"864","Duke of Earl","7.2"
"865","Will It Go Round In Circles","5.4"
"866","Rush Rush","9.8"
"867","Shake You Down","7.1"
"868","Till The End of Time","2.3"
"869","Cathy's Clown","6.7"
"870","Against All Odds (Take a Look At Me Now)","4.4"
"871","The First Time Ever I Saw Your Face","9.6"
"872","The Morning After","5.8"
"873","Little Darlin'","1.7"
"874","Three Times a Lady","5.3"
"875","Bye Bye","1.4"
"876","Walk On By","5.3"
"877","I Can See Clearly Now","5.5"
"878","19th Nervous Breakdown","5.5"
"879","School's Out","6.6"
"880","Eve of Destruction","2.2"
"881","Maneater","5.8"
"882","Sweet Georgia Brown","4"
"883","Pistol Packin' Mama","1.3"
"884","Chapel of Love","8.7"
"885","In the Summertime","1.4"
"886","Midnight Train to Georgia","0.6"
"887","Ball of Confusion (That's What the World is Today)","4.1"
"888","Band On the Run","0.9"
"889","Say It Right","4.9"
"890","Play That Funky Music","1.2"
"891","After You've Gone","6.7"
"892","We Didn't Start the Fire","5.5"
"893","Bad Day","9.1"
"894","Great Balls of Fire","0"
"895","Rag Doll","0.4"
"896","School's Out","1.9"
"897","Papa Was a Rolling Stone","3.5"
"898","Wild Wild West","2.9"
"899","I Swear","8.8"
"900","The Sweet Escape","6.6"
"901","The Tide is High","2.6"
"902","You Are the Sunshine of My Life","8.9"
"903","You Send Me","1.9"
"904","Candy Man","3.4"
"905","A Hard Day's Night","5.1"
"906","Sugar Sugar","0.5"
"907","Living For the City","8.8"
"908","Daydream Believer","3.5"
"909","Theme From 'Greatest American Hero' (Believe It Or Not)","7.5"
"910","Nobody Does it Better","0.5"
"911","Disco Lady","5.5"
"912","Minnie the Moocher","8.4"
"913","Stars & Stripes Forever","5.3"
"914","You're Beautiful","2.5"
"915","Tangerine","1.4"
"916","Boogie Woogie Bugle Boy","1.1"
"917","Do Wah Diddy Diddy","6.3"
"918","After You've Gone","3.9"
"919","Stardust","2.1"
"920","Somebody That I Used to Know","6.5"
"921","Take The 'A' Train","8.9"
"922","Mule Train","7.1"
"923","Moonlight Cocktail","8.8"
"924","Whoomp! (There it Is)","5.5"
"925","Blue Suede Shoes","6.3"
"926","I Honestly Love You","7"
"927","Breaking Up is Hard to Do","6.3"
"928","Frenesi","3.9"
"929","Smoke On the Water","4.3"
"930","(It's No) Sin","3.3"
"931","Losing My Religion","6"
"932","St George & the Dragonette","7.7"
"933","Singing The Blues","2"
"934","We Will Rock You","5.9"
"935","In Da Club","1.1"
"936","Vogue","6.3"
"937","Proud Mary","3.2"
"938","Can't Help Falling in Love","6.8"
"939","The Boy is Mine","5.7"
"940","Unchained Melody","8.4"
"941","Na Na Hey Hey (Kiss Him Goodbye)","9.3"
"942","My Boyfriend's Back","7.3"
"943","Till The End of Time","7.2"
"944","Two Hearts","5.9"
"945","Stranger On the Shore","2.7"
"946","Smells Like Teen Spirit","9.9"
"947","Ballad of the Green Berets","5.5"
"948","Never Gonna Give You Up","0"
"949","We Got The Beat","9.5"
"950","Blueberry Hill","8.7"
"951","Happy Days Are Here Again","2.5"
"952","Straight Up","0.5"
"953","96 Tears","4.7"
"954","Revolution","4.3"
"955","Come On-a My House","8.2"
"956","Believe","5"
"957","Rock Your Baby","7"
"958","The Tide is High","0.3"
"959","Walk This Way","6.2"
"960","Touch Me","0.2"
"961","Rosanna","1.1"
"962","Losing My Religion","7.4"
"963","Don't Let the Sun Go Down On Me","3.8"
"964","My Man","9.4"
"965","Happy Together","9.1"
"966","Ghostbusters","0.3"
"967","My Prayer","7.6"
"968","To Sir","6.1"
"969","Walk Like an Egyptian","1.8"
"970","Jive Talkin'","5.8"
"971","I Can't Get Next to You","2.9"
"972","This Love","3.3"
"973","The Great Pretender","9.5"
"974","Tie a Yellow Ribbon 'round the Old Oak Tree","9.7"
"975","The Loco-Motion","2.8"
"976","All Out of Love","1.9"
"977","Wedding Bell Blues","2.3"
"978","The Twist","9.4"
"979","Baby Come Back","0.9"
"980","Duke of Earl","5.4"
"981","Buttons & Bows","9.8"
"982","Boogie Woogie Bugle Boy","0.9"
"983","Beat It","7.8"
"984","White Christmas","1.5"
"985","Wild Thing","0.8"
"986","50 Ways to Leave Your Lover","1.2"
"987","Ironic","4"
"988","I Wanna Love You","8.5"
"989","I Want to Hold Your Hand","9.8"
"990","I Can See Clearly Now","7.7"
"991","Mickey","9.2"
"992","Sugar Shack","9.2"
"993","Suspicious Minds","9"
"994","Mrs Brown You've Got a Lovely Daughter","1.4"
"995","Fly Robin Fly","9.1"
"996","Please Mr Postman","3.3"
"997","Ironic","2.3"
"998","Billie Jean","4.8"
"999","American Pie","8.7"
"1000","Proud Mary","1.5"
"1001","You've Got a Friend","6.5"
"1002","My Girl","8.2"
"1003","Baby Come Back","8.4"
"1004","Tennessee Waltz","5.7"
"1005","Respect","3.8"
"1006","The Rose","8.3"
"1007","Three Coins in the Fountain","2.2"
"1008","We Found Love","4"
"1009","Afternoon Delight","1.1"
"1010","Respect","1.4"
"1011","Tighten Up","0.9"
"1012","Shop Around","3.6"
"1013","Third Man Theme","7.4"
"1014","Superstition","9.5"
"1015","The Tide is High","6.6"
"1016","Hungry Heart","5.8"
"1017","Raindrops Keep Falling On My Head","5"
"1018","You're Beautiful","4.6"
"1019","I Will Always Love You","0.6"
"1020","Riders On the Storm","0.2"
"1021","Say It Right","5.3"
"1022","Dance to the Music","5.2"
"1023","On the Atchison","3.7"
"1024","Mr Big Stuff","9.3"
"1025","The First Time Ever I Saw Your Face","5.7"
"1026","I Only Have Eyes For You","9.7"
"1027","Hello Dolly","8"
"1028","I'll Walk Alone","0.7"
"1029","Love Child","7.4"
"1030","I Will Survive","8.4"
"1031","Shake You Down","0.8"
"1032","Walk On the Wild Side","1.3"
"1033","Physical","1.2"
"1034","Wild Thing","0.7"
"1035","Leader of the Pack","5.6"
"1036","Mona Lisa","3.1"
"1037","Mrs Robinson","2.4"
"1038","Jive Talkin'","9.3"
"1039","That's What Friends Are For","4.8"
"1040","Loving You","3.4"
"1041","Unbelievable","1.8"
"1042","Crimson & Clover","3.6"
"1043","Lookin' Out My Back Door","6.5"
"1044","Do You Love Me?","9.4"
"1045","Can You Feel the Love Tonight","1.8"
"1046","Do That to Me One More Time","5.9"
"1047","Nothin' on You","2.3"
"1048","Fame","1.5"
"1049","Judy in Disguise (With Glasses)","3.4"
"1050","You Make Me Feel Like Dancing","9.7"
"1051","Love Train","6.9"
"1052","Lights","6"
"1053","Mona Lisa","9.3"
"1054","Need You Now","1.4"
"1055","White Rabbit","5.7"
"1056","Mickey","2.3"
"1057","Livin' On a Prayer","0.8"
"1058","Three Coins in the Fountain","9.3"
"1059","Walk On By","3.2"
"1060","Call Me Maybe","2.5"
"1061","Be My Baby","3.3"
"1062","The Way You Move","6.1"
"1063","Walk Don't Run","2.5"
"1064","I Wanna Love You","1.8"
"1065","The Sweet Escape","8.4"
"1066","Travellin' Man","1"
"1067","I Feel For You","7.7"
"1068","Papa Don't Preach","9.6"
"1069","Chattanooga Choo Choo","6"
"1070","Peggy Sue","8.1"
"1071","White Christmas","5.3"
"1072","I Want to Hold Your Hand","5.6"
"1073","Faith","1.6"
"1074","Shining Star","3.8"
"1075","Make Love to Me","8.1"
"1076","Un-Break My Heart","2.7"
"1077","Here Without You","3.6"
"1078","Travellin' Man","7.3"
"1079","One Sweet Day","4"
"1080","No Scrubs","9.8"
"1081","We Are the World","3.4"
"1082","Ole Buttermilk Sky","4.5"
"1083","Green Onions","8.3"
"1084","American Woman","4.1"
"1085","Why Do Fools Fall in Love?","7.2"
"1086","Endless Love","8.7"
"1087","We Are the Champions","7.8"
"1088","Kiss Me","8.2"
"1089","St Louis Blues","8"
"1090","Daydream Believer","5.2"
"1091","Chattanoogie Shoe-Shine Boy","3.1"
"1092","We Can Work it Out","4.2"
"1093","Low","7.8"
"1094","Paperback Writer","4.5"
"1095","The Morning After","8.7"
"1096","Groove is in the Heart","4.8"
"1097","Be My Love","4.5"
"1098","Loving You","6.4"
"1099","Check On It","4.6"
"1100","Bad","8.9"
"1101","King of the Road","3.3"
"1102","Brother","6.3"
"1103","The Girl From Ipanema","1.7"
"1104","Feel Good Inc","6.8"
"1105","Bad Moon Rising","7.5"
"1106","Makin' Whoopee","3.5"
"1107","I Can't Get Started","3.3"
"1108","Cry Like a Baby","8.4"
"1109","Livin' On a Prayer","2.2"
"1110","Last Train to Clarksville","9.3"
"1111","Apologize","4.4"
"1112","Cheek to Cheek","8.3"
"1113","In the End","6"
"1114","Sh-Boom (Life Could Be a Dream)","9.9"
"1115","Coming Up","8.8"
"1116","Spanish Harlem","5.3"
"1117","At Last","6.5"
"1118","All Night Long (All Night)","0.7"
"1119","How You Remind Me","5.2"
"1120","Smoke! Smoke! Smoke! (That Cigarette)","7.9"
"1121","Puttin' on the Ritz","8.4"
"1122","12th Street Rag","2.5"
"1123","People","6"
"1124","It's Now Or Never","9.3"
"1125","Gimme Some Lovin'","7"
"1126","One of Us","5.9"
"1127","This Ole House","3.5"
"1128","Rudolph","4.8"
"1129","I Got You (I Feel Good)","1.6"
"1130","Do Wah Diddy Diddy","1.8"
"1131","Ballerina","8.2"
"1132","Lights","8"
"1133","Soul Man","2.5"
"1134","Alone Again (Naturally)","6.6"
"1135","You Don't Bring Me Flowers","8.3"
"1136","Judy in Disguise (With Glasses)","0.3"
"1137","Ebony & Ivory","6.5"
"1138","Feel Like Making Love","4.4"
"1139","Against All Odds (Take a Look At Me Now)","3"
"1140","Ballerina","0.4"
"1141","Pistol Packin' Mama","8.5"
"1142","Kiss On My List","9.3"
"1143","Long Tall Sally","5.7"
"1144","Besame Mucho","3.9"
"1145","Just Dance","8.6"
"1146","Disturbia","3.5"
"1147","Do Ya Think I'm Sexy?","6.1"
"1148","Every Breath You Take","5.6"
"1149","Use Somebody","1.3"
"1150","Party Rock Anthem","3.2"
"1151","Love Theme From 'A Star is Born' (Evergreen)","6"
"1152","ABC","1.7"
"1153","Temperature","0.1"
"1154","Feel Good Inc","5.2"
"1155","That'll Be the Day","9.8"
"1156","Stop! in the Name of Love","7.8"
"1157","Funkytown","6.1"
"1158","Don't Stop 'Til You Get Enough","8.5"
"1159","Winchester Cathedral","3.1"
"1160","Seasons in the Sun","9.9"
"1161","You Belong With Me","0.4"
"1162","Always On My Mind","8.7"
"1163","The Last Dance","0.9"
"1164","Crimson & Clover","7.4"
"1165","Green River","3.3"
"1166","Airplanes","4.7"
"1167","Beautiful Day","1.3"
"1168","We Didn't Start the Fire","6.8"
"1169","I Need You Now","2.4"
"1170","My Guy","5.7"
"1171","You Belong to Me","1"
"1172","Hot Child In The City","5.5"
"1173","Whip It","9"
"1174","Chattanooga Choo Choo","3.2"
"1175","Hanky Panky","6.1"
"1176","Goodnight","0.5"
"1177","Where Did Our Love Go","1.5"
"1178","Don't You (Forget About Me)","3"
"1179","I Can Dream","0.3"
"1180","Endless Love","3.9"
"1181","Hey There","6.4"
"1182","The Wanderer","9.4"
"1183","Empire State Of Mind","0.7"
"1184","Unchained Melody","6.6"
"1185","Where Did Our Love Go","7.6"
"1186","Stagger Lee","0.7"
"1187","The Gypsy","3.3"
"1188","Bitter Sweet Symphony","8.4"
"1189","I Swear","1.5"
"1190","Twist & Shout","9.8"
"1191","Third Man Theme","1.9"
"1192","Respect","1.7"
"1193","Stuck On You","4"
"1194","Addicted to Love","8.9"
"1195","Tears of a Clown","8.5"
"1196","Without You","8.8"
"1197","I Walk the Line","9.7"
"1198","We Built This City","9.5"
"1199","Tossing & Turning","5.9"
"1200","How Much is That Doggy in the Window?","4.3"
"1201","Crazy Little Thing Called Love","3.9"
"1202","Stronger","1.3"
"1203","Whispering","7.4"
"1204","If (They Made Me a King)","8.6"
"1205","Begin the Beguine","5.6"
"1206","Long Cool Woman in a Black Dress","9"
"1207","Hit the Road","6.8"
"1208","Firework","2.2"
"1209","Cathy's Clown","9.4"
"1210","Crazy Little Thing Called Love","1.3"
"1211","I'm a Believer","5.2"
"1212","I Went to Your Wedding","0.9"
"1213","Crazy in Love","0.3"
"1214","YMCA","1.9"
"1215","Mr Tambourine Man","7.1"
"1216","Theme From 'Greatest American Hero' (Believe It Or Not)","2.7"
"1217","Hips don't lie","5.6"
"1218","Boulevard of Broken Dreams","4.1"
"1219","Pick Up the Pieces","6.3"
"1220","Live & Let Die","6.5"
"1221","The Tracks of My Tears","9.8"
"1222","Breaking Up is Hard to Do","9.6"
"1223","Roll Over Beethoven","8.6"
"1224","Walk Don't Run","7.6"
"1225","Baby Come Back","3.1"
"1226","Brandy (You're A Fine Girl)","5.7"
"1227","Shake Down","7.8"
"1228","Magic Carpet Ride","7.8"
"1229","Earth Angel","7.1"
"1230","Hurt So Good","6.3"
"1231","Walk On the Wild Side","7.4"
"1232","I Wanna Dance With Somebody (Who Loves Me)","7"
"1233","Born to Run","7.9"
"1234","Lights","6.5"
"1235","Que sera sera (Whatever will be will be)","6.1"
"1236","Born to Run","6.9"
"1237","Apologize","9.9"
"1238","What's Going On?","7.9"
"1239","Kokomo","1.3"
"1240","Firework","5.4"
"1241","Keep On Loving You","3.5"
"1242","Without Me","6.5"
"1243","Maniac","8.5"
"1244","Physical","8.7"
"1245","Rosanna","9.7"
"1246","Puttin' on the Ritz","8.8"
"1247","Without You","7.2"
"1248","Surfin' USA","3.3"
"1249","Riders On the Storm","6"
"1250","Summertime Blues","8.9"
"1251","Black Velvet","6.7"
"1252","You Make Me Feel Brand New","4.7"
"1253","Billie Jean","7.5"
"1254","Chattanooga Choo Choo","8.4"
"1255","Car Wash","9.3"
"1256","All My Lovin' (You're Never Gonna Get It)","5.2"
"1257","Wishing Well","9.8"
"1258","Wild Wild West","8.1"
"1259","Baby One More Time","9.8"
"1260","Your Cheatin' Heart","2.1"
"1261","Tutti Frutti","6.4"
"1262","Candle in the Wind '97","8.1"
"1263","One of These Nights","7.2"
"1264","Let Me Love You","0.7"
"1265","Moonlight Serenade","6.4"
"1266","Prisoner of Love","6.2"
"1267","I Wanna Dance With Somebody (Who Loves Me)","5.3"
"1268","Sexyback","8.6"
"1269","You Are the Sunshine of My Life","3.3"
"1270","Poker Face","9.8"
"1271","Everyday People","1.5"
"1272","Locked Out Of Heaven","0.8"
"1273","Ben","8.4"
"1274","God Bless America","4.1"
"1275","My Girl","5.5"
"1276","I Feel Fine","6"
"1277","Memories Are Made of This","7.3"
"1278","Cold","6.2"
"1279","It's My Party","0.6"
"1280","Apologize","2"
"1281","Beautiful Day","9.3"
"1282","Bridge Over Troubled Water","9.2"
"1283","You Send Me","6.6"
"1284","We Will Rock You","0.7"
"1285","When You Wish Upon a Star","5.3"
"1286","To Sir","1.5"
"1287","Manana (Is Soon Enough For Me)","0.9"
"1288","The Gypsy","4.5"
"1289","Hey Paula","2.7"
"1290","Royals","7.5"
"1291","West End Blues","7.6"
"1292","Till I Waltz Again With You","2.2"
"1293","Little Darlin'","6.8"
"1294","Always On My Mind","6.2"
"1295","Everybody Wants to Rule the World","5.3"
"1296","Whispering","7.6"
"1297","Doo Wop (That Thing)","5.2"
"1298","Auf Wiederseh'n Sweetheart","0.5"
"1299","Someday","7.8"
"1300","Empire State Of Mind","2.4"
"1301","Too Young","1.1"
"1302","Your Song","8.8"
"1303","Sixteen Tons","3.9"
"1304","Addicted to Love","0"
"1305","Royals","0.2"
"1306","Got to Give it Up","2.1"
"1307","I'm Yours","9.5"
"1308","You Light Up My Life","3.1"
"1309","Somethin' Stupid","5"
"1310","Walk On By","4.8"
"1311","Come On-a My House","4.2"
"1312","Da Doo Ron Ron (When He Walked Me Home)","7.5"
"1313","I Can't Stop Loving You","2"
"1314","Freebird","7.9"
"1315","Oh Happy Day","1.4"
"1316","You've Got a Friend","6.9"
"1317","Jessie's Girl","5.4"
"1318","The Tracks of My Tears","0.2"
"1319","Sir Duke","4.4"
"1320","Truly Madly Deeply","5.3"
"1321","Locked Out Of Heaven","4.2"
"1322","He's So Fine","4.9"
"1323","Don't Go Breaking My Heart","8.4"
"1324","Unchained Melody","3.1"
"1325","I Need You Now","1.5"
"1326","My Prayer","3.2"
"1327","Stuck On You","8"
"1328","What Goes Around Comes Around","8.6"
"1329","Bad Girls","2.8"
"1330","Love Will Keep Us Together","1.2"
"1331","My Prayer","6.3"
"1332","If You Don't Know Me By Now","2.2"
"1333","All I Have to Do is Dream","5.4"
"1334","Weak","0.1"
"1335","Bennie & the Jets","0.4"
"1336","I Swear","1.5"
"1337","Mama Told Me Not to Come","4.3"
"1338","You Are the Sunshine of My Life","4.9"
"1339","Lean On Me","0.8"
"1340","Tammy","7.4"
"1341","Georgy Girl","3.2"
"1342","Little Things Mean a Lot","6.9"
"1343","Goodnight","4.5"
"1344","The Way We Were","1.2"
"1345","Without You","7.9"
"1346","Nothing's Gonna Stop Us Now","0.9"
"1347","Love In This Club","5.9"
"1348","I Think I Love You","4.2"
"1349","(I Can't Get No) Satisfaction","1.9"
"1350","Secret Love","6.6"
"1351","Down","10"
"1352","Dancing Queen","5.6"
"1353","In the End","3.1"
"1354","Rehab","1.9"
"1355","You make Me Wanna","6.4"
"1356","I Want to Know What Love Is","6.3"
"1357","Swinging On a Star","5.3"
"1358","I Went to Your Wedding","4.1"
"1359","Feel Good Inc","9"
"1360","That's Amore","8.2"
"1361","Family Affair","3.4"
"1362","Rolling In The Deep","9.6"
"1363","Fast Car","0.2"
"1364","Reach Out (I'll Be There)","7"
"1365","Shining Star","0.7"
"1366","Irreplaceable","3.1"
"1367","Without You","6.5"
"1368","Blueberry Hill","6.3"
"1369","Temperature","9.6"
"1370","The Wanderer","6.6"
"1371","Rock the Boat","6.4"
"1372","Stuck On You","3.7"
"1373","Streets of Philadelphia","7.3"
"1374","In the End","4.7"
"1375","Save the Best For Last","6.6"
"1376","Sailing","9.8"
"1377","It's Still Rock 'n' Roll to Me","6.7"
"1378","Brother","1"
"1379","Mickey","0.3"
"1380","Airplanes","7.6"
"1381","To Sir","1.3"
"1382","I'll Take You There","3.4"
"1383","Band On the Run","2.7"
"1384","Gold Digger","2.4"
"1385","My Heart Will Go On","9.7"
"1386","Yakety Yak","3.8"
"1387","One Bad Apple","6.9"
"1388","Rehab","8.1"
"1389","The Letter","6.1"
"1390","Endless Love","0.6"
"1391","Que sera sera (Whatever will be will be)","5.8"
"1392","Aquarius/Let The Sunshine In","2.4"
"1393","U Can't Touch This","9.1"
"1394","We Are Young","0.8"
"1395","Behind Closed Doors","6.3"
"1396","Wind Beneath My Wings","0.8"
"1397","This Love","6.6"
"1398","Weak","8.2"
"1399","My Girl","5.3"
"1400","Like a Prayer","2.2"
"1401","Mona Lisa","0.6"
"1402","This Ole House","4"
"1403","Hound Dog","9.2"
"1404","Feel Like Making Love","3.2"
"1405","A Thousand Miles","1.9"
"1406","Sexyback","0.2"
"1407","At Last","9.2"
"1408","Miss You","9.4"
"1409","Beauty & the Beast","4.5"
"1410","My Girl","3.4"
"1411","Let Me Love You","3.1"
"1412","In the Summertime","8.6"
"1413","Honky Tonk Woman","0.5"
"1414","The Loco-Motion","3.6"
"1415","Venus","5.5"
"1416","Tighten Up","1.4"
"1417","I'll Be Missing You","2.5"
"1418","Smooth","5.7"
"1419","Summer in the City","7.3"
"1420","Before The Next Teardrop Falls","0.7"
"1421","Love In This Club","6.8"
"1422","Need You Now","2"
"1423","Be My Baby","1.6"
"1424","Brown Sugar","0.9"
"1425","Let's Dance","4"
"1426","Time After Time","1.5"
"1427","Shake You Down","4.5"
"1428","All Shook Up","6.6"
"1429","Morning Train (Nine to Five)","0.1"
"1430","Tonight's the Night (Gonna Be Alright)","0.5"
"1431","Crying","4.2"
"1432","One Bad Apple","7.5"
"1433","Summertime Blues","3.4"
"1434","(You're My) Soul & Inspiration","1.5"
"1435","I'm Yours","8"
"1436","Strangers in the Night","8"
"1437","Time After Time","6.9"
"1438","Begin the Beguine","7.9"
"1439","How Will I Know","2.1"
"1440","Battle of New Orleans","4.6"
"1441","Ballerina","2.8"
"1442","Sleepy Lagoon","2.7"
"1443","Cold","7.8"
"1444","Tangerine","5"
"1445","If (They Made Me a King)","1.7"
"1446","Viva La Vida","2.4"
"1447","Penny Lane","1.4"
"1448","Like a Virgin","3.9"
"1449","ABC","5.9"
"1450","Love's Theme","5.7"
"1451","Fantasy","5.8"
"1452","My Heart Will Go On","0.4"
"1453","Puttin' on the Ritz","5.6"
"1454","Baker Street","2.2"
"1455","Love In This Club","1.8"
"1456","Here in My Heart","9.9"
"1457","She Drives Me Crazy","9.2"
"1458","Wild Wild West","9"
"1459","Tears of a Clown","6.2"
"1460","Georgy Girl","1.9"
"1461","Till I Waltz Again With You","4.7"
"1462","Maneater","3.6"
"1463","Bad Girls","6.8"
"1464","Peg o' My Heart","8.9"
"1465","Purple Rain","3.1"
"1466","The Streak","3.7"
"1467","Groove is in the Heart","9.5"
"1468","Shake Down","4.5"
"1469","Go Your Own Way","9.2"
"1470","Baby One More Time","5.7"
"1471","Queen of Hearts","8.4"
"1472","Puttin' on the Ritz","7.7"
"1473","Dance to the Music","8"
"1474","One","5.9"
"1475","We Will Rock You","5.6"
"1476","That Old Black Magic","5.2"
"1477","Jive Talkin'","2.2"
"1478","Let's Groove","6.4"
"1479","Another One Bites the Dust","1.1"
"1480","Mony Mony","2.5"
"1481","You Were Meant for Me","2.8"
"1482","Fly Robin Fly","9.9"
"1483","Take Me Home","2.9"
"1484","Cracklin' Rosie","7.1"
"1485","Alone Again (Naturally)","5.9"
"1486","Yellow Rose of Texas","7.7"
"1487","I Got You (I Feel Good)","1.5"
"1488","Baker Street","2.8"
"1489","Take Me Home","9.9"
"1490","I Can Dream","0.4"
"1491","Walk On the Wild Side","5.1"
"1492","Loving You","7.7"
"1493","Time of the Season","9.4"
"1494","Fly Robin Fly","7.2"
"1495","Personality","1.1"
"1496","Just Dance","3.7"
"1497","This Guy's in Love With You","6.6"
"1498","Shop Around","1.8"
"1499","I Went to Your Wedding","6.5"
"1500","Hey Jude","4.1"
"1501","Rock With You","8.8"
"1502","Love Letters in the Sand","7.8"
"1503","I Want You Back","9.9"
"1504","Mona Lisa","7.7"
"1505","We Belong Together","3.8"
"1506","Hey There","8.8"
"1507","Karma Chameleon","0.2"
"1508","Livin' On a Prayer","1"
"1509","My Sharona","8.5"
"1510","Turn! Turn! Turn! (To Everything There is a Season)","5.1"
"1511","You've Lost That Lovin' Feelin'","7.5"
"1512","9 to 5","6.6"
"1513","Philadelphia Freedom","8.6"
"1514","Hey Paula","0.9"
"1515","The Rose","7"
"1516","Miss You","2.8"
"1517","Always On My Mind","5"
"1518","Baby Baby","3.1"
"1519","House of the Rising Sun","6.7"
"1520","Personality","3.6"
"1521","Midnight Train to Georgia","9.5"
"1522","I'll Never Smile Again","4.6"
"1523","Uncle Albert (Admiral Halsey)","0.2"
"1524","Will It Go Round In Circles","2"
"1525","(Just Like) Starting Over","3.5"
"1526","Wichita Lineman","9.6"
"1527","Love Train","3.1"
"1528","Glory of Love","1.2"
"1529","Green River","8.4"
"1530","Whole Lotta Shakin' Goin' On","9.5"
"1531","You Ain't Seen Nothin' Yet","6.3"
"1532","Come On Eileen","0.2"
"1533","Sleep Walk","7.9"
"1534","Walk On By","9.5"
"1535","Every Little Thing She Does is Magic","6"
"1536","End of the Road","7.3"
"1537","Umbrella","3.5"
"1538","(I Can't Get No) Satisfaction","6.2"
"1539","Celebration","7.3"
"1540","Where is the Love?","5.5"
"1541","Karma Chameleon","6.8"
"1542","Happy Together","7.3"
"1543","I Swear","8.6"
"1544","Cherish","0.8"
"1545","Piano Man","3.8"
"1546","Personality","3"
"1547","Kryptonite","6.3"
"1548","Morning Train (Nine to Five)","8.8"
"1549","Wedding Bell Blues","4.9"
"1550","Theme From 'Shaft'","4.5"
"1551","Time After Time","6"
"1552","Stranger On the Shore","0.8"
"1553","Nothin' on You","7.3"
"1554","This Ole House","8.6"
"1555","Got to Give it Up","9.5"
"1556","Get Back","8.1"
"1557","Groovin'","3.7"
"1558","Duke of Earl","7.8"
"1559","All Shook Up","6"
"1560","Green Onions","5.4"
"1561","That's the Way (I Like It)","3.8"
"1562","Hungry Heart","4.7"
"1563","The Prisoner's Song","0.9"
"1564","The Morning After","8.4"
"1565","Walk Don't Run","6.4"
"1566","The Rose","6.9"
"1567","Walk This Way","6"
"1568","Suspicious Minds","5.7"
"1569","Rag Doll","5.6"
"1570","Minnie the Moocher","7"
"1571","We Found Love","6.5"
"1572","9 to 5","2.4"
"1573","Take My Breath Away","9.7"
"1574","Georgy Girl","8.9"
"1575","I Gotta Feeling","5"
"1576","Whoomp! (There it Is)","4.1"
"1577","Poker Face","7.8"
"1578","If (They Made Me a King)","0.8"
"1579","Man in the Mirror","4.8"
"1580","Body & Soul","0.6"
"1581","Something","7.3"
"1582","My Boyfriend's Back","6.1"
"1583","Crazy For You","9"
"1584","House of the Rising Sun","6.4"
"1585","What's Love Got to Do With It?","9.6"
"1586","Chances Are","1.4"
"1587","Stairway to Heaven","9.6"
"1588","Paper Doll","6.2"
"1589","Me & Bobby McGee","5"
"1590","Only You (And You Alone)","4.3"
"1591","The Hustle","2.9"
"1592","Tangerine","5.5"
"1593","How Much is That Doggy in the Window?","8.1"
"1594","On the Atchison","7.6"
"1595","We Built This City","0.1"
"1596","A Whiter Shade of Pale","9.2"
"1597","Leaving","4.3"
"1598","How Deep is Your Love?","0.2"
"1599","Come On Eileen","9.6"
"1600","Be My Baby","5.6"
"1601","Strangers in the Night","3.7"
"1602","Fortunate Son","0.6"
"1603","Dancing Queen","0.1"
"1604","Mack the Knife","5.3"
"1605","Mr Tambourine Man","0.4"
"1606","I'll Be There","1.5"
"1607","Disco Duck","4.6"
"1608","Prisoner of Love","5.8"
"1609","Wedding Bell Blues","9.8"
"1610","Bennie & the Jets","2.4"
"1611","I Wanna Love You","9.3"
"1612","Tennessee Waltz","9"
"1613","My Blue Heaven","0.9"
"1614","He's So Fine","9.4"
"1615","Oh Happy Day","4.3"
"1616","Come On-a My House","7.1"
"1617","Mama Told Me Not to Come","2"
"1618","Louie Louie","6.4"
"1619","Call Me Maybe","2.4"
"1620","We Will Rock You","2.5"
"1621","12th Street Rag","6.6"
"1622","Do That to Me One More Time","9.9"
"1623","Change the World","5.4"
"1624","Rosanna","1"
"1625","Return to Sender","2.2"
"1626","My Prayer","6.5"
"1627","Kung Fu Fighting","7.6"
"1628","My Blue Heaven","3.8"
"1629","Na Na Hey Hey (Kiss Him Goodbye)","1.5"
"1630","Good Vibrations","8.9"
"1631","Let it Be","5.6"
"1632","Always On My Mind","8.9"
"1633","Secret Love","0.4"
"1634","Personality","0.3"
"1635","Summertime Blues","1.8"
"1636","Your Song","7.5"
"1637","At Last","1.5"
"1638","She Loves You","7.6"
"1639","Piano Man","9"
"1640","Love Theme From 'A Star is Born' (Evergreen)","6.2"
"1641","Mmmbop","6.9"
"1642","Alone","9.9"
"1643","Disturbia","6.4"
"1644","Don't Stop 'Til You Get Enough","6.5"
"1645","(Put Another Nickel In) Music! Music! Music!","7.7"
"1646","Save the Best For Last","4.8"
"1647","Big Girls Don't Cry","1.5"
"1648","I Went to Your Wedding","6.5"
"1649","Battle of New Orleans","2.9"
"1650","Ticket to Ride","9.1"
"1651","Wicked Game","4.9"
"1652","Up Around the Bend","8"
"1653","Can't Get Enough of Your Love","9.6"
"1654","Eye of the Tiger","8.9"
"1655","(Everything I Do) I Do it For You","6.3"
"1656","Time of the Season","4"
"1657","The Love You Save","1.6"
"1658","Like a Virgin","0.7"
"1659","Because You Loved Me","1"
"1660","No One","7.6"
"1661","Because You Loved Me","6.5"
"1662","Make Love to Me","1.1"
"1663","Crazy For You","7.9"
"1664","Night Fever","6.2"
"1665","Without You","5.2"
"1666","Sunday","6.9"
"1667","A Tree in the Meadow","5.1"
"1668","Sixteen Tons","7.4"
"1669","Thrift Shop","1.8"
"1670","Earth Angel","4.1"
"1671","Stardust","0.9"
"1672","Battle of New Orleans","9.5"
"1673","End of the Road","4.9"
"1674","Bye","1.6"
"1675","Ring My Bell","5.1"
"1676","TSOP (The Sound of Philadelphia)","10"
"1677","Always On My Mind","4.1"
"1678","I Heard it Through the Grapevine","6.7"
"1679","Viva La Vida","8.5"
"1680","Rum & Coca-Cola","4.2"
"1681","Proud Mary","9.5"
"1682","Sexyback","7.6"
"1683","That's the Way Love Goes","2"
"1684","Best of My Love","5.6"
"1685","I Went to Your Wedding","7.5"
"1686","Take Me Home","4.9"
"1687","I'll Make Love to You","0.7"
"1688","Kung Fu Fighting","0.8"
"1689","Boogie Oogie Oogie","8.8"
"1690","Lookin' Out My Back Door","0.6"
"1691","Nobody Does it Better","9.2"
"1692","Shout","6.9"
"1693","Green Tambourine","5"
"1694","Lonely Boy","5"
"1695","West End Blues","1.2"
"1696","It's Still Rock 'n' Roll to Me","0.3"
"1697","(Sittin' On) the Dock of the Bay","5.5"
"1698","Bette Davis Eyes","4.8"
"1699","Sing","0.4"
"1700","Fortunate Son","6.9"
"1701","Somebody That I Used to Know","5.8"
"1702","Call Me Maybe","5.6"
"1703","Born to Be Wild","9.9"
"1704","Woman","4.6"
"1705","Touch Me","4.8"
"1706","Look Away","4.1"
"1707","Make it With You","1"
"1708","Thank You (Falettinme be Mice Elf Again)","1.7"
"1709","Rhinestone Cowboy","8.1"
"1710","Love Child","7.6"
"1711","The Sweet Escape","6.4"
"1712","Mrs Brown You've Got a Lovely Daughter","2.5"
"1713","My Life","3.8"
"1714","Peggy Sue","5.2"
"1715","Cathy's Clown","3.9"
"1716","Mule Train","2.1"
"1717","Uncle Albert (Admiral Halsey)","6.2"
"1718","Unbelievable","3.5"
"1719","Hello Dolly","5.4"
"1720","Somebody to Love","3.5"
"1721","White Christmas","0.1"
"1722","Hard to Say I'm Sorry","7.9"
"1723","We Got The Beat","9.5"
"1724","No One","2.8"
"1725","Georgia On My Mind","0.2"
"1726","Begin the Beguine","5.4"
"1727","Strawberry Fields Forever","5.2"
"1728","Physical","0.6"
"1729","The Joker","0"
"1730","Brand New Key","8.3"
"1731","Sleepy Lagoon","4.4"
"1732","Green Onions","4.9"
"1733","Delicado","8.4"
"1734","Don't Worry Be Happy","3.3"
"1735","Goodnight","6.1"
"1736","Love Train","2.9"
"1737","Behind Closed Doors","4.8"
"1738","I Believe I Can Fly","5.3"
"1739","Rock the Boat","5.3"
"1740","You Don't Have to Be a Star (To Be in My Show)","6"
"1741","You Light Up My Life","0.3"
"1742","Every Breath You Take","5.9"
"1743","Silly Love Songs","10"
"1744","The Long & Winding Road","3.2"
"1745","What's Going On?","9.1"
"1746","Build Me Up Buttercup","3.2"
"1747","Do That to Me One More Time","0.6"
"1748","California Girls","5.9"
"1749","My Eyes Adored You","1.6"
"1750","Whatcha Say","3.1"
"1751","Stars & Stripes Forever","2.9"
"1752","Sentimental Journey","2"
"1753","Faith","6.1"
"1754","Kiss From a Rose","5.1"
"1755","Play That Funky Music","6.6"
"1756","Girls Just Wanna Have Fun","8.7"
"1757","Indian Reservation (The Lament Of The Cherokee Reservation Indian)","6.1"
"1758","Rag Doll","8.1"
"1759","Down","9.4"
"1760","Help Me","5"
"1761","Kiss","1.3"
"1762","Begin the Beguine","2.8"
"1763","Knock Three Times","3.2"
"1764","Cracklin' Rosie","8.2"
"1765","Nothing Compares 2 U","7.4"
"1766","Come On Eileen","1.3"
"1767","Love Me Tender","8.2"
"1768","YMCA","5.3"
"1769","Loving You","1.9"
"1770","Swanee","5.8"
"1771","Maneater","4.5"
"1772","Wishing Well","3.1"
"1773","1999","7.9"
"1774","Get Back","5.8"
"1775","Revolution","0.9"
"1776","Ain't No Mountain High Enough","9"
"1777","Sweet Dreams (Are Made of This)","0.5"
"1778","My Boyfriend's Back","9.9"
"1779","At the Hop","3.1"
"1780","Ruby Tuesday","6.9"
"1781","Mercy Mercy Me (The Ecology)","4.4"
"1782","Goodnight","6.3"
"1783","Hair","1.8"
"1784","(I've Had) the Time of My Life","8.3"
"1785","Wipe Out","5.4"
"1786","I Want to Hold Your Hand","7.3"
"1787","Yellow Rose of Texas","8"
"1788","Drops of Jupiter (Tell Me)","4.2"
"1789","Cheek to Cheek","5.1"
"1790","Heart of Gold","3.2"
"1791","Cherish","6.3"
"1792","Love to Love You Baby","6.6"
"1793","Stuck On You","6.4"
"1794","Love to Love You Baby","8.4"
"1795","Can't Buy Me Love","8.2"
"1796","Johnny B Goode","1.5"
"1797","West End Blues","2.9"
"1798","Manana (Is Soon Enough For Me)","7.1"
"1799","Swinging On a Star","8.8"
"1800","Sweet Georgia Brown","8.6"
"1801","I'll be seeing you","6.9"
"1802","I Got You (I Feel Good)","5.6"
"1803","Buttons & Bows","8.8"
"1804","Up Where We Belong","4.9"
"1805","Live & Let Die","4.4"
"1806","Gives You Hell","8.6"
"1807","This Used to Be My Playground","7.1"
"1808","Big Girls Don't Cry","4.2"
"1809","That's What Friends Are For","0.9"
"1810","Kung Fu Fighting","6.8"
"1811","Return to Sender","5.2"
"1812","Sunshine Superman","8.5"
"1813","More Than a Feeling","7"
"1814","Use Somebody","2.9"
"1815","Hold On","4.2"
"1816","I Don't Want to Miss a Thing","2.5"
"1817","Rapture","3.5"
"1818","Mercy Mercy Me (The Ecology)","5.5"
"1819","Centerfold","6"
"1820","Vogue","7.1"
"1821","Vision of Love","1.6"
"1822","The Power of Love","0.6"
"1823","A Woman in Love","5.7"
"1824","Fast Car","9.2"
"1825","Miss You","5.3"
"1826","Soul Man","6.3"
"1827","Something","9.8"
"1828","Green Onions","1.1"
"1829","Gangsta's Paradise","6.2"
"1830","Sweet Child O' Mine","5.1"
"1831","Wake Me Up Before You Go Go","3.6"
"1832","We Are Young","4.4"
"1833","A Hard Day's Night","1.4"
"1834","Kiss On My List","6.1"
"1835","I Will Follow Him","1.6"
"1836","I Will Survive","0.9"
"1837","Straight Up","5.7"
"1838","Fire & Rain","5.2"
"1839","Hungry Heart","5.4"
"1840","Strawberry Fields Forever","2.6"
"1841","I Want to Hold Your Hand","1"
"1842","Mr Big Stuff","5.3"
"1843","I'm Your Boogie Man","7.8"
"1844","Little Things Mean a Lot","8.5"
"1845","Ray of Light","2.4"
"1846","Tammy","3"
"1847","I Honestly Love You","2.3"
"1848","Hot Child In The City","1.2"
"1849","Airplanes","3.8"
"1850","Oh","5.2"
"1851","Soul Man","2"
"1852","The Way We Were","0.8"
"1853","(Sexual) Healing","1.1"
"1854","My Heart Will Go On","7.9"
"1855","Stagger Lee","6.7"
"1856","Here in My Heart","0.4"
"1857","I Swear","6.7"
"1858","All I Wanna Do","7.4"
"1859","More Than a Feeling","9.7"
"1860","Cold","6.4"
"1861","The Way You Move","4.1"
"1862","The Loco-Motion","9.5"
"1863","Centerfold","2.8"
"1864","Nothing Compares 2 U","6.8"
"1865","Beauty & the Beast","5.9"
"1866","Time of the Season","8.5"
"1867","How Much is That Doggy in the Window?","1.1"
"1868","Papa Was a Rolling Stone","6.8"
"1869","At Last","2.1"
"1870","Twist & Shout","3.3"
"1871","Truly Madly Deeply","0.4"
"1872","Sweet Home Alabama","3.6"
"1873","Tears of a Clown","1.9"
"1874","All Shook Up","3"
"1875","Rudolph","6"
"1876","Uncle Albert (Admiral Halsey)","0.3"
"1877","In Da Club","8.1"
"1878","Bad Moon Rising","6"
"1879","Brother","7.2"
"1880","Buttons & Bows","1.2"
"1881","When a Man Loves a Woman","7.4"
"1882","Livin' La Vida Loca","4.7"
"1883","Love Letters in the Sand","2.6"
"1884","Judy in Disguise (With Glasses)","9.4"
"1885","19th Nervous Breakdown","5.7"
"1886","Hips don't lie","3.9"
"1887","Wild Thing","0.9"
"1888","Respect","2.7"
"1889","Lose Yourself","0.5"
"1890","Tonight's the Night (Gonna Be Alright)","4.2"
"1891","Promiscuous","3.7"
"1892","I Get Around","4.2"
"1893","Return to Sender","5.8"
"1894","How Do I Live?","7.8"
"1895","Lady","1.8"
"1896","Kiss","7.6"
"1897","Disco Duck","7.9"
"1898","Sugar Shack","1.8"
"1899","Indian Reservation (The Lament Of The Cherokee Reservation Indian)","7.8"
"1900","I'll be seeing you","2.5"
"1901","Living For the City","7.7"
"1902","Have You Ever Really Loved a Woman?","1.2"
"1903","Tangerine","0.8"
"1904","Manana (Is Soon Enough For Me)","3.9"
"1905","How Do You Mend a Broken Heart","5.2"
"1906","We Belong Together","5.3"
"1907","Doo Wop (That Thing)","9.9"
"1908","Oh","7.9"
"1909","Little Things Mean a Lot","8.2"
"1910","No Scrubs","6.5"
"1911","Don't Leave Me This Way","2.1"
"1912","I Feel Love","5.1"
"1913","Cry","7"
"1914","My Man","8.2"
"1915","Rock With You","9"
"1916","Disco Lady","5.8"
"1917","Daydream Believer","0.6"
"1918","Ain't No Sunshine","7.8"
"1919","Cry Like a Baby","5.5"
"1920","Mr Brightside","2.2"
"1921","Layla","1.8"
"1922","Spirit in the Sky","4.5"
"1923","Don't You (Forget About Me)","3.1"
"1924","I Want You Back","0.7"
"1925","We Will Rock You","4.4"
"1926","Hit the Road","3.1"
"1927","Hey Ya!","5"
"1928","Runaround Sue","5.6"
"1929","We Found Love","7.5"
"1930","West End Girls","7.3"
"1931","You Sexy Thing","2.8"
"1932","Jumpin' Jack Flash","8.6"
"1933","Help Me","0.8"
"1934","The Love You Save","2.5"
"1935","Moonlight Serenade","3.9"
"1936","Play That Funky Music","1"
"1937","I Swear","7.4"
"1938","Raindrops Keep Falling On My Head","6.1"
"1939","Me & Bobby McGee","4.8"
"1940","Ain't Misbehavin'","7.3"
"1941","I Wanna Love You","3.5"
"1942","Don't Go Breaking My Heart","9.3"
"1943","Night & Day","5.3"
"1944","Purple Rain","6.2"
"1945","I Feel For You","2.1"
"1946","Up Where We Belong","8.7"
"1947","Unforgettable","9.3"
"1948","Wind Beneath My Wings","9"
"1949","Here in My Heart","4.6"
"1950","The Thing","9"
"1951","For What It's Worth (Stop","3.5"
"1952","Greatest Love of All","0.9"
"1953","Peg o' My Heart","8"
"1954","If You Leave Me Now","3.8"
"1955","Locked Out Of Heaven","6.9"
"1956","Groovin'","8.4"
"1957","The Reason","0.8"
"1958","Love Hangover","7.1"
"1959","To Sir","4.4"
"1960","Yeah!","5.7"
"1961","Happy Days Are Here Again","6.1"
"1962","Jumpin' Jack Flash","3.2"
"1963","Don't Go Breaking My Heart","6.8"
"1964","Love Letters in the Sand","6.5"
"1965","Smoke On the Water","5.3"
"1966","Truly Madly Deeply","4.3"
"1967","Smells Like Teen Spirit","9.9"
"1968","One","6.8"
"1969","Good Vibrations","1.9"
"1970","To Sir","3.3"
"1971","Love Will Keep Us Together","7.8"
"1972","Big Bad John","4.4"
"1973","Third Man Theme","9.5"
"1974","Memories Are Made of This","3.5"
"1975","The Morning After","0.6"
"1976","Paper Doll","3.8"
"1977","Shout","8.3"
"1978","Tears in Heaven","1.7"
"1979","Here Without You","8.1"
"1980","Heart of Glass","5.2"
"1981","Ebony & Ivory","2.9"
"1982","Don't Let the Sun Go Down On Me","5.8"
"1983","Everybody Loves Somebody","7.7"
"1984","Louie Louie","8.1"
"1985","Upside Down","7"
"1986","Iris","4.8"
"1987","On Bended Knee","2.8"
"1988","White Rabbit","4.2"
"1989","Love Theme From 'A Star is Born' (Evergreen)","9.4"
"1990","I Wanna Love You","6.1"
"1991","Let's Dance","1"
"1992","Sugar Sugar","3.7"
"1993","Oh","5.9"
"1994","Up Where We Belong","4.2"
"1995","Again","6"
"1996","Come On-a My House","0.3"
"1997","Bette Davis Eyes","6.4"
"1998","It's All in the Game","4.3"
"1999","Daydream Believer","2.7"
"2000","Sweet Soul Music","3.4"
"2001","Secret Love","5.8"
"2002","These Boots Are Made For Walking","4.2"
"2003","(I've Had) the Time of My Life","8.3"
"2004","Somebody to Love","4.2"
"2005","Centerfold","4.8"
"2006","Great Balls of Fire","0.5"
"2007","Yeah!","9.3"
"2008","All Night Long (All Night)","2.1"
"2009","Another Night","4.9"
"2010","Bridge Over Troubled Water","1.8"
"2011","Some of These Days","6.7"
"2012","Unbelievable","1"
"2013","West End Blues","1.3"
"2014","Groove is in the Heart","9.3"
"2015","Bad","8.7"
"2016","Addicted to Love","1.6"
"2017","Gimme Some Lovin'","9.3"
"2018","Give Me Everything","3.9"
"2019","Take Me Home","9.3"
"2020","We Are the Champions","3.5"
"2021","The Glow-Worm","5.6"
"2022","Rudolph","4.7"
"2023","Boom Boom Pow","9"
"2024","Cat's in the Cradle","6.9"
"2025","Where Did Our Love Go","1.5"
"2026","Mr Brightside","1.9"
"2027","Seasons in the Sun","9.3"
"2028","Bleeding Love","4.5"
"2029","Bette Davis Eyes","4.5"
"2030","Flashdance. What a Feeling","8.6"
"2031","Ballad of the Green Berets","4.6"
"2032","You Were Meant for Me","8.7"
"2033","Love Child","3.5"
"2034","Sir Duke","5.4"
"2035","I'll be seeing you","3.1"
"2036","Nothin' on You","0.9"
"2037","Yeah!","2.6"
"2038","How Do You Mend a Broken Heart","8.8"
"2039","Knock Three Times","8.1"
"2040","Shake Down","8"
"2041","Blaze of Glory","1.3"
"2042","Iris","4.2"
"2043","(Let Me Be Your) Teddy Bear","8.3"
"2044","Earth Angel","3.8"
"2045","It's Still Rock 'n' Roll to Me","8.1"
"2046","Whole Lotta Shakin' Goin' On","7.9"
"2047","Promiscuous","9.4"
"2048","Before The Next Teardrop Falls","5.1"
"2049","Moonlight Serenade","8.2"
"2050","Ole Buttermilk Sky","9.9"
"2051","I Kissed A Girl","2.3"
"2052","Smells Like Teen Spirit","8.3"
"2053","Mister Sandman","7.8"
"2054","Nature Boy","8"
"2055","You Always Hurt the One You Love","1.8"
"2056","(Sexual) Healing","8.6"
"2057","One Sweet Day","0.9"
"2058","Soul Man","8.1"
"2059","The Way We Were","6.8"
"2060","Red Red Wine","5.8"
"2061","Hound Dog","3.2"
"2062","Revolution","3.8"
"2063","Peg o' My Heart","1.7"
"2064","So Much in Love","1.1"
"2065","Call Me Maybe","8"
"2066","Sentimental Journey","8.1"
"2067","Why Don't You Believe Me?","4"
"2068","We Didn't Start the Fire","0.9"
"2069","I Honestly Love You","2.5"
"2070","The Boys of Summer","1.2"
"2071","Need You Tonight","5.1"
"2072","Streets of Philadelphia","1.2"
"2073","Fortunate Son","6.4"
"2074","Miss You","7.4"
"2075","I'm Looking Over a Four Leaf Clover","1.5"
"2076","Hot Stuff","8.9"
"2077","Aquarius/Let The Sunshine In","0.6"
"2078","Lose Yourself","7.4"
"2079","Irreplaceable","8.8"
"2080","Ruby Tuesday","2.8"
"2081","Na Na Hey Hey (Kiss Him Goodbye)","4"
"2082","Stayin' Alive","4.8"
"2083","It's Still Rock 'n' Roll to Me","2.2"
"2084","Won't Get Fooled Again","2.5"
"2085","Tears of a Clown","4.5"
"2086","Love Me Do","9.1"
"2087","Love is a Many Splendoured Thing","9.2"
"2088","Wooly Bully","4.5"
"2089","Sledgehammer","1.8"
"2090","A Hard Day's Night","0.3"
"2091","Buttons & Bows","3"
"2092","Just Dance","6.8"
"2093","Pony Time","4.2"
"2094","Some of These Days","7.6"
"2095","The Streak","7"
"2096","Just Dance","6.6"
"2097","Hey Ya!","7.8"
"2098","The Boys of Summer","3.4"
"2099","Thrift Shop","0.4"
"2100","All My Lovin' (You're Never Gonna Get It)","2.7"
"2101","I Want to Know What Love Is","9.7"
"2102","Groovin'","7.7"
"2103","West End Blues","2.8"
"2104","Miss You Much","8.5"
"2105","Let Me Love You","5.1"
"2106","More Than Words","2.6"
"2107","Temperature","7.2"
"2108","The Letter","1.1"
"2109","The Last Dance","8.6"
"2110","Doo Wop (That Thing)","2.3"
"2111","How Do I Live?","3.1"
"2112","I Walk the Line","7"
"2113","Long Cool Woman in a Black Dress","6.6"
"2114","You Light Up My Life","5.8"
"2115","Chain of Fools","3"
"2116","Burn","5.9"
"2117","Sweet Georgia Brown","3.7"
"2118","I Went to Your Wedding","7.4"
"2119","Tears of a Clown","9.6"
"2120","Honky Tonk","6.3"
"2121","Your Song","2.3"
"2122","Living For the City","0.7"
"2123","Let's Hear it For the Boy","5.2"
"2124","Fame","3.8"
"2125","Heart of Glass","7"
"2126","The Girl From Ipanema","2.4"
"2127","Stuck On You","5.5"
"2128","Best of My Love","5.2"
"2129","Shout","1.7"
"2130","A Whiter Shade of Pale","1.2"
"2131","Three Coins in the Fountain","5.5"
"2132","Peg o' My Heart","6.6"
"2133","Paper Planes","6.6"
"2134","Brand New Key","8.5"
"2135","April Showers","8.4"
"2136","Sweet Dreams (Are Made of This)","1"
"2137","I Got You Babe","9.9"
"2138","Faith","2.6"
"2139","Take The 'A' Train","9.7"
"2140","Hot Child In The City","3.3"
"2141","(They Long to Be) Close to You","4"
"2142","Love to Love You Baby","7.4"
"2143","Three Times a Lady","2"
"2144","Wichita Lineman","8.5"
"2145","Celebration","7.1"
"2146","Angie","5.7"
"2147","19th Nervous Breakdown","9.1"
"2148","Please Mr Postman","4.7"
"2149","Delicado","0.4"
"2150","Baby Love","5.2"
"2151","Gives You Hell","9.3"
"2152","Ole Buttermilk Sky","5.2"
"2153","We Are the Champions","3.3"
"2154","In the Summertime","5.7"
"2155","Walk Like an Egyptian","4.1"
"2156","Time of the Season","5.7"
"2157","Unchained Melody","2.7"
"2158","Why Don't You Believe Me?","0.5"
"2159","Kung Fu Fighting","9.5"
"2160","I Got You Babe","1.2"
"2161","I Need You Now","7.3"
"2162","Theme From 'Greatest American Hero' (Believe It Or Not)","0.4"
"2163","How Do You Mend a Broken Heart","3.3"
"2164","Love Theme From 'A Star is Born' (Evergreen)","1.9"
"2165","Another One Bites the Dust","6.9"
"2166","Do Wah Diddy Diddy","2.1"
"2167","Moonlight Serenade","5.9"
"2168","Cat's in the Cradle","0.5"
"2169","Just the Way You Are","9.9"
"2170","That's What Friends Are For","4.1"
"2171","Straight Up","3.5"
"2172","Ain't No Mountain High Enough","6.5"
"2173","Greatest Love of All","9.8"
"2174","Heart of Gold","3.1"
"2175","Oh Happy Day","1.6"
"2176","Stand By Me","6.2"
"2177","Mr Tambourine Man","8.8"
"2178","Runaway","4.9"
"2179","Winchester Cathedral","6.7"
"2180","Spill the Wine","7.8"
"2181","Against All Odds (Take a Look At Me Now)","7.3"
"2182","In Da Club","0.5"
"2183","Gypsies","2.4"
"2184","Chain of Fools","1.2"
"2185","Just My Imagination (Running Away With Me)","5.2"
"2186","Two Hearts","1.7"
"2187","Always On My Mind","8.5"
"2188","Boulevard of Broken Dreams","6.1"
"2189","When a Man Loves a Woman","8"
"2190","Ain't That a Shame","4.2"
"2191","Pony Time","5"
"2192","Downtown","2.1"
"2193","My Prayer","9"
"2194","Love Shack","8.5"
"2195","A-Tisket A-Tasket","3.4"
"2196","I Walk the Line","8.9"
"2197","My Eyes Adored You","3.2"
"2198","The Boy is Mine","3.5"
"2199","Tik-Toc","4.3"
"2200","Besame Mucho","7.1"
"2201","Eve of Destruction","5.3"
"2202","Incense & Peppermints","8.5"
"2203","Lookin' Out My Back Door","5.6"
"2204","You Really Got Me","7.8"
"2205","Under the Boardwalk","4.9"
"2206","Livin' La Vida Loca","8"
"2207","Why Do Fools Fall in Love?","3.5"
"2208","Pon De Replay","7.6"
"2209","Hungry Heart","4.3"
"2210","Hollaback Girl","7.5"
"2211","Soul Man","0.8"
"2212","Whoomp! (There it Is)","9.2"
"2213","Paper Planes","8"
"2214","Ghostbusters","5"
"2215","When Doves Cry","5.9"
"2216","Will It Go Round In Circles","5.7"
"2217","Save the Best For Last","1.4"
"2218","Hard to Say I'm Sorry","4.9"
"2219","The Way You Move","8.9"
"2220","You're the One That I Want","2.7"
"2221","On My Own","10"
"2222","Maybellene","7"
"2223","One Bad Apple","2.6"
"2224","Bohemian Rhapsody","9.5"
"2225","The Sweet Escape","1.6"
"2226","Cars","5.8"
"2227","Party Rock Anthem","4.6"
"2228","Wedding Bell Blues","8"
"2229","Temperature","3.4"
"2230","So Much in Love","9.5"
"2231","Bye Bye","5.6"
"2232","Empire State Of Mind","2"
"2233","TSOP (The Sound of Philadelphia)","3.1"
"2234","West End Girls","8.2"
"2235","Sh-Boom (Life Could Be a Dream)","5.3"
"2236","What's Love Got to Do With It?","9.7"
"2237","Wichita Lineman","9.6"
"2238","My Sharona","3.9"
"2239","Centerfold","2.1"
"2240","Stand By Me","0.4"
"2241","Where is the Love?","0.5"
"2242","A String of Pearls","9.1"
"2243","On the Atchison","8"
"2244","At Last","4.3"
"2245","Too Young","8.9"
"2246","Your Song","3"
"2247","Want Ads","5.1"
"2248","Battle of New Orleans","5.8"
"2249","Mrs Brown You've Got a Lovely Daughter","2.6"
"2250","Up Up & Away","3.1"
"2251","Single Ladies (Put A Ring On It)","1.8"
"2252","Will You Love Me Tomorrow","0.4"
"2253","Crying","5.7"
"2254","Spanish Harlem","9.2"
"2255","Only You (And You Alone)","5.4"
"2256","Sweet Soul Music","2"
"2257","The Wanderer","0.2"
"2258","Hound Dog","8.4"
"2259","I Want to Hold Your Hand","0.4"
"2260","Respect","9"
"2261","Tossing & Turning","1"
"2262","On Bended Knee","1.7"
"2263","Volare","3.4"
"2264","Sailing","7"
"2265","I Believe I Can Fly","3.9"
"2266","Bad Moon Rising","4"
"2267","My Life","9.8"
"2268","Shout","1.1"
"2269","Brown Eyed Girl","6"
"2270","Dreamlover","1.1"
"2271","Bad Girls","7.9"
"2272","Believe","1.7"
"2273","When a Man Loves a Woman","9.8"
"2274","Rock With You","5.9"
"2275","Something","8.8"
"2276","Glory of Love","3.9"
"2277","Spinning Wheel","3.9"
"2278","Can't Get Enough of Your Love","6.2"
"2279","I Can't Go For That (No Can Do)","5.4"
"2280","(I've Got a Gal In) Kalamazoo","2.5"
"2281","(Sittin' On) the Dock of the Bay","7"
"2282","Bad","4.5"
"2283","Georgy Girl","0.9"
"2284","I Will Follow Him","3.8"
"2285","Angie","0.9"
"2286","Tossing & Turning","4.1"
"2287","Queen of Hearts","7.4"
"2288","I'm So Lonesome I Could Cry","4.8"
"2289","Happy Days Are Here Again","4.2"
"2290","Funkytown","6.8"
"2291","Moonlight Cocktail","1.6"
"2292","What a Fool Believes","1.8"
"2293","God Bless the Child","4.5"
"2294","Thrift Shop","6.5"
"2295","Bad Romance","9.2"
"2296","Live & Let Die","3.1"
"2297","Some of These Days","4.9"
"2298","Will It Go Round In Circles","4.7"
"2299","The Tide is High","4.9"
"2300","Baby Baby","5.4"
"2301","So Much in Love","5"
"2302","I Heard it Through the Grapevine","9.5"
"2303","Car Wash","8.5"
"2304","Hello","2.2"
"2305","Besame Mucho","2.4"
"2306","Mama Told Me Not to Come","4.8"
"2307","I'm So Lonesome I Could Cry","5"
"2308","That'll Be the Day","2"
"2309","As Time Goes By","5.2"
"2310","(Let Me Be Your) Teddy Bear","4.4"
"2311","Disturbia","3.4"
"2312","Don't Be Cruel","5.7"
"2313","Reach Out (I'll Be There)","0.9"
"2314","You Really Got Me","1.4"
"2315","Ol' Man River","5.5"
"2316","Rock the Casbah","5.4"
"2317","One of Us","7"
"2318","Theme From 'Greatest American Hero' (Believe It Or Not)","5"
"2319","Mona Lisa","7.1"
"2320","The Letter","6.6"
"2321","You Don't Bring Me Flowers","3.2"
"2322","Me & Mrs Jones","5.8"
"2323","Good Lovin'","6.2"
"2324","All Shook Up","4.6"
"2325","Rum & Coca-Cola","7.5"
"2326","Mr Big Stuff","7.9"
"2327","Cry Like a Baby","6.8"
"2328","My Love","0.2"
"2329","I'm Your Boogie Man","8.4"
"2330","We Found Love","4.9"
"2331","Whatcha Say","3"
"2332","Twist & Shout","5.3"
"2333","Somebody to Love","1.2"
"2334","Venus","4.1"
"2335","I Walk the Line","4.8"
"2336","Let Me Love You","9.5"
"2337","Philadelphia Freedom","5.9"
"2338","Kiss","7"
"2339","Pick Up the Pieces","2.5"
"2340","I'll Be Missing You","1.8"
"2341","Bye Bye Love","0.2"
"2342","People Got to Be Free","5"
"2343","You make Me Wanna","10"
"2344","Stagger Lee","2.5"
"2345","Tonight's the Night (Gonna Be Alright)","7.4"
"2346","Mood Indigo","0.3"
"2347","Get Off of My Cloud","7"
"2348","Baby Got Back","8.2"
"2349","Maneater","6.5"
"2350","Rush Rush","6.2"
"2351","Physical","6.6"
"2352","Time of the Season","9.4"
"2353","(Let Me Be Your) Teddy Bear","7.2"
"2354","Turn! Turn! Turn! (To Everything There is a Season)","5.6"
"2355","The Boy is Mine","9.7"
"2356","This Used to Be My Playground","4.3"
"2357","Kiss & Say Goodbye","7.2"
"2358","Are You Lonesome Tonight?","9.1"
"2359","96 Tears","2.9"
"2360","Fantasy","8.5"
"2361","Let's Dance","9.3"
"2362","Candle in the Wind '97","7.3"
"2363","West End Blues","0.7"
"2364","Sh-Boom (Life Could Be a Dream)","0.8"
"2365","Crazy Little Thing Called Love","3"
"2366","Auf Wiederseh'n Sweetheart","8.6"
"2367","Do That to Me One More Time","4.2"
"2368","(I've Had) the Time of My Life","0.3"
"2369","I Got You (I Feel Good)","3.2"
"2370","Rag Mop","6.2"
"2371","Spirit in the Sky","4.7"
"2372","Cry","8.2"
"2373","So Much in Love","6.8"
"2374","I'll Make Love to You","2.2"
"2375","This Used to Be My Playground","6.2"
"2376","You Don't Have to Be a Star (To Be in My Show)","0.4"
"2377","Blue Suede Shoes","8.5"
"2378","U Got it Bad","2.1"
"2379","Blue Tango","1.7"
"2380","Tom Dooley","1.6"
"2381","The Gypsy","8.9"
"2382","Pennies From Heaven","5.9"
"2383","Got to Give it Up","7.4"
"2384","Hot Stuff","3.3"
"2385","Without You","8"
"2386","Stay (I Missed You)","8.2"
"2387","The Way You Move","9.3"
"2388","Whoomp! (There it Is)","0.8"
"2389","Ballad of the Green Berets","2.1"
"2390","Wanted","2.5"
"2391","California Dreamin'","6"
"2392","Jack & Diane","5.3"
"2393","Wishing Well","7.6"
"2394","Black Or White","5.9"
"2395","I Need You Now","7.3"
"2396","Frankenstein","0.4"
"2397","Kiss Me","0.9"
"2398","You're So Vain","4.8"
"2399","Bad","3.7"
"2400","Queen of Hearts","4.1"
"2401","Big Girls Don't Cry","6.5"
"2402","He'll Have to Go","8.5"
"2403","It's All in the Game","6.1"
"2404","(I Can't Get No) Satisfaction","3.1"
"2405","Mama Told Me Not to Come","1.7"
"2406","Fallin'","0.9"
"2407","I Swear","2.3"
"2408","Help!","3.8"
"2409","I'll Be There","4.7"
"2410","Cars","7.7"
"2411","Come On-a My House","6.9"
"2412","Glory of Love","7.3"
"2413","Crimson & Clover","4.2"
"2414","Stairway to Heaven","4.7"
"2415","Bad","3.5"
"2416","Tik-Toc","9.4"
"2417","Baby Got Back","1.7"
"2418","April Showers","4.9"
"2419","One Sweet Day","6.7"
"2420","California Dreamin'","4.6"
"2421","Gangsta's Paradise","1.8"
"2422","I Walk the Line","3.9"
"2423","Say Say Say","1"
"2424","It's All in the Game","0.9"
"2425","Being With You","2.7"
"2426","All Along the Watchtower","3.6"
"2427","Tonight's the Night (Gonna Be Alright)","7.8"
"2428","Roll Over Beethoven","4.6"
"2429","I Write the Songs","3.6"
"2430","U Can't Touch This","8.2"
"2431","Lola","7.7"
"2432","Hey There Delilah","6.8"
"2433","When You Wish Upon a Star","7"
"2434","Money For Nothing","7.4"
"2435","Un-Break My Heart","1.8"
"2436","Me & Bobby McGee","9.7"
"2437","Tonight's the Night (Gonna Be Alright)","9.5"
"2438","Buttons & Bows","9.2"
"2439","Groove is in the Heart","9.8"
"2440","Something","1.1"
"2441","Why Don't You Believe Me?","1.9"
"2442","Mrs Brown You've Got a Lovely Daughter","9.8"
"2443","Down","9.2"
"2444","Lonely Boy","7.8"
"2445","Physical","5.7"
"2446","Someday","0.9"
"2447","You're Still the One","2.1"
"2448","Jive Talkin'","1.9"
"2449","One Sweet Day","5.5"
"2450","I'm Looking Over a Four Leaf Clover","6.7"
"2451","Another Night","1.8"
"2452","You Always Hurt the One You Love","4.3"
"2453","Third Man Theme","9.1"
"2454","Honky Tonk","0.2"
"2455","The Power of Love","4.5"
"2456","Wabash Cannonball","4.4"
"2457","A Tree in the Meadow","1.4"
"2458","Blaze of Glory","4.6"
"2459","Let's Groove","1.3"
"2460","Always On My Mind","5.5"
"2461","Piano Man","0.3"
"2462","I Feel For You","6.5"
"2463","The Joker","6.7"
"2464","Papa's Got a Brand New Bag","3.2"
"2465","Under the Bridge","1.8"
"2466","(You're My) Soul & Inspiration","8.7"
"2467","Don't You (Forget About Me)","5.1"
"2468","Bad Moon Rising","8"
"2469","Streets of Philadelphia","0.5"
"2470","Auf Wiederseh'n Sweetheart","4.9"
"2471","Open Arms","5.8"
"2472","Miss You Much","6.4"
"2473","Bennie & the Jets","3.3"
"2474","Mr Big Stuff","2.2"
"2475","Night & Day","2.8"
"2476","(They Long to Be) Close to You","2"
"2477","Jailhouse Rock","8"
"2478","Always On My Mind","6.9"
"2479","Love to Love You Baby","8.4"
"2480","Brown Sugar","9.2"
"2481","Will It Go Round In Circles","9.1"
"2482","Love Letters in the Sand","4.5"
"2483","Get Off of My Cloud","7.3"
"2484","Private Eyes","5.7"
"2485","Pick Up the Pieces","6.6"
"2486","(I've Had) the Time of My Life","7.6"
"2487","Roll Over Beethoven","5.8"
"2488","Arthur's Theme (Best That You Can Do)","10"
"2489","Keep On Loving You","4.2"
"2490","People","7.8"
"2491","Auf Wiederseh'n Sweetheart","3.8"
"2492","Spanish Harlem","3.8"
"2493","Walk Like a Man","2"
"2494","Riders On the Storm","0.5"
"2495","Be My Baby","7.3"
"2496","Bye Bye","4.4"
"2497","Summer in the City","8.4"
"2498","In the Ghetto","8.2"
"2499","Sweet Soul Music","1.4"
"2500","Wake Up Little Susie","4.4"
